,MarianMT,Unicamp_T5,NLLB_1.3b
0,85,70,75
1,70,50,90
2,85,70,90
3,90,85,95
4,85,70,90
5,85,70,90
6,85,70,90
7,75,60,85
8,85,70,90
9,70,50,80
10,75,60,85
11,75,80,85
12,65,50,80
13,85,90,80
14,75,60,80
15,70,50,80
16,80,90,85
17,85,90,95
18,75,85,90
19,70,50,80
20,85,70,90
21,85,90,95
22,75,50,90
23,70,50,80
24,75,60,80
25,70,80,90
26,75,80,85
27,85,70,90
28,75,90,95
29,85,70,90
30,90,85,95
31,70,60,80
32,85,70,90
33,75,40,85
34,85,70,90
35,65,70,80
36,85,70,90
37,75,30,85
38,80,40,90
39,90,80,95
40,85,70,90
41,85,60,90
42,75,80,60
43,85,90,80
44,75,60,85
45,85,70,90
46,85,90,75
47,85,90,80
48,85,70,90
49,70,60,80
50,70,50,85
51,75,85,90
52,85,50,90
53,70,60,80
54,85,70,90
55,70,85,80
56,85,60,90
57,90,80,100
58,75,50,85
59,75,90,65
60,75,60,80
61,60,40,80
62,85,70,90
63,80,70,90
64,85,90,95
65,70,60,80
66,70,85,75
67,85,80,90
68,50,60,70
69,85,70,90
70,85,70,90
71,70,55,80
72,75,80,90
73,75,50,90
74,85,70,90
75,90,85,95
76,75,80,90
77,75,50,60
78,85,70,90
79,85,70,90
80,70,60,80
81,75,85,70
82,75,60,80
83,70,45,60
84,80,70,60
85,65,70,75
86,70,50,85
87,75,80,85
88,85,70,90
89,75,50,90
90,75,90,80
91,85,70,90
92,70,40,85
93,85,70,90
94,70,60,80
95,70,80,60
96,70,60,80
97,85,70,80
98,85,70,90
99,80,60,70
100,85,80,90
101,70,50,90
102,75,80,90
103,75,60,80
104,75,60,80
105,85,70,90
106,85,70,90
107,80,70,90
108,70,80,60
109,85,75,90
110,80,85,70
111,75,60,80
112,85,80,90
113,85,40,90
114,75,70,80
115,85,70,80
116,85,70,90
117,75,65,85
118,85,90,95
119,85,70,90
120,65,40,55
121,80,60,90
122,70,50,80
123,70,60,80
124,65,40,80
125,90,85,80
126,70,80,85
127,80,70,85
128,65,50,75
129,85,60,95
130,60,70,80
131,85,75,90
132,75,60,80
133,50,30,60
134,85,70,90
135,85,75,90
136,60,40,70
137,75,80,85
138,85,80,90
139,70,60,80
140,85,80,70
141,85,60,90
142,85,70,80
143,85,75,90
144,75,80,65
145,83,68,55
146,80,85,90
147,85,70,90
148,85,70,90
149,85,70,90
150,85,70,90
151,85,70,90
152,75,60,80
153,70,60,80
154,70,40,85
155,85,70,80
156,70,50,80
157,75,80,90
158,80,50,90
159,75,60,80
160,85,70,90
161,85,70,90
162,85,60,90
163,75,50,85
164,85,70,80
165,85,70,90
166,70,50,80
167,85,70,90
168,85,70,90
169,80,60,90
170,85,75,90
171,75,50,100
172,65,40,80
173,85,80,75
174,60,70,80
175,85,75,90
176,85,60,90
177,75,60,80
178,75,80,85
179,80,60,85
180,85,70,90
181,85,70,90
182,70,60,80
183,70,50,60
184,85,60,90
185,85,75,80
186,70,85,75
187,65,80,90
188,70,80,90
189,75,60,80
190,85,70,90
191,85,70,90
192,65,80,90
193,85,75,90
194,85,70,90
195,70,50,85
196,75,60,85
197,80,60,90
198,70,60,80
199,75,60,80
200,85,70,90
201,75,85,65
202,70,80,85
203,85,70,90
204,70,60,80
205,75,60,80
206,85,70,90
207,85,70,90
208,75,60,90
209,85,70,90
210,70,50,80
211,65,50,75
212,75,60,80
213,70,80,90
214,90,85,80
215,75,80,85
216,85,70,90
217,65,50,75
218,85,75,90
219,85,70,90
220,75,80,90
221,60,40,50
222,70,60,80
223,60,30,40
224,85,70,90
225,85,70,75
226,90,80,95
227,75,60,85
228,85,60,90
229,85,60,90
230,85,60,90
231,80,60,90
232,60,20,40
233,70,40,85
234,87,65,92
235,70,50,85
236,90,95,85
237,85,75,90
238,80,60,85
239,85,70,90
240,60,40,75
241,75,50,90
242,80,60,90
243,85,70,90
244,85,70,90
245,85,30,90
246,75,60,85
247,70,60,80
248,85,70,90
249,65,70,80
250,85,70,90
251,85,70,90
252,85,70,80
253,90,75,95
254,70,40,85
255,85,70,90
256,85,70,90
257,90,75,85
258,70,40,90
259,85,80,90
260,85,80,90
261,85,90,80
262,70,45,85
263,80,50,90
264,85,90,75
265,70,80,90
266,85,90,80
267,80,60,40
268,75,80,85
269,85,70,90
270,85,70,90
271,90,85,95
272,85,70,90
273,85,70,90
274,80,85,90
275,85,75,90
276,80,70,90
277,85,70,90
278,70,80,75
279,90,80,95
280,90,85,95
281,85,70,90
282,70,55,80
283,85,70,90
284,70,60,50
285,90,75,95
286,85,80,90
287,70,60,80
288,85,75,90
289,85,70,90
290,70,50,85
291,85,70,90
292,70,60,80
293,85,90,80
294,70,40,80
295,85,90,80
296,85,70,90
297,80,60,90
298,85,70,95
299,65,70,80
300,85,70,90
301,60,70,80
302,85,70,90
303,70,80,90
304,85,70,90
305,80,85,70
306,75,80,90
307,75,50,85
308,75,60,80
309,85,80,90
310,70,60,40
311,75,80,90
312,85,70,90
313,60,30,50
314,85,70,90
315,75,60,85
316,70,50,60
317,85,70,90
318,70,60,80
319,85,60,90
320,85,80,70
321,75,60,80
322,70,60,80
323,75,60,85
324,70,60,75
325,85,70,90
326,65,70,80
327,90,80,95
328,70,60,80
329,70,60,80
330,75,50,85
331,70,50,80
332,70,50,85
333,75,80,60
334,80,90,85
335,85,70,90
336,65,50,80
337,85,60,90
338,75,60,85
339,70,60,80
340,85,70,90
341,75,60,80
342,90,95,80
343,75,40,85
344,75,40,85
345,85,75,90
346,90,75,95
347,65,70,80
348,65,30,80
349,65,40,80
350,70,60,85
351,65,50,80
352,50,75,85
353,85,30,90
354,75,80,90
355,70,40,85
356,90,85,95
357,75,50,85
358,85,75,90
359,70,80,85
360,85,70,90
361,85,90,80
362,85,70,50
363,70,55,80
364,75,50,90
365,95,90,100
366,85,90,95
367,75,80,90
368,75,60,90
369,75,50,60
370,85,40,90
371,75,85,90
372,70,60,75
373,70,80,60
374,75,80,85
375,90,70,95
376,70,20,60
377,70,80,60
378,85,90,80
379,70,80,60
380,85,70,90
381,75,85,90
382,70,80,85
383,85,90,80
384,70,80,90
385,85,75,90
386,85,78,92
387,75,60,90
388,80,70,90
389,65,40,80
390,80,70,90
391,65,70,80
392,85,90,95
393,90,75,95
394,70,80,90
395,80,90,70
396,85,70,90
397,75,80,85
398,85,70,90
399,75,60,80
400,85,90,80
401,85,70,90
402,75,80,70
403,70,50,85
404,85,70,90
405,85,70,90
406,70,60,85
407,85,70,95
408,85,80,90
409,60,45,70
410,90,85,90
411,90,85,95
412,80,75,60
413,75,60,85
414,70,55,80
415,70,55,80
416,70,30,90
417,85,75,90
418,75,60,85
419,75,60,85
420,85,90,80
421,70,50,80
422,85,50,90
423,75,40,85
424,70,80,85
425,85,70,90
426,70,80,60
427,90,85,95
428,85,90,88
429,85,90,95
430,85,60,90
431,85,90,90
432,75,50,80
433,70,60,80
434,90,85,95
435,70,60,80
436,70,50,85
437,70,20,80
438,85,70,90
439,85,70,90
440,70,60,80
441,85,80,70
442,85,70,90
443,80,70,85
444,85,80,90
445,70,60,80
446,70,50,80
447,75,60,85
448,70,60,80
449,75,80,90
450,85,75,90
451,75,60,85
452,75,80,90
453,85,75,90
454,85,90,95
455,75,85,80
456,65,50,75
457,85,70,90
458,75,60,90
459,85,70,90
460,70,40,80
461,85,70,90
462,90,85,75
463,90,85,80
464,70,60,80
465,70,60,80
466,85,75,90
467,85,60,90
468,75,85,60
469,85,75,90
470,85,60,90
471,85,70,90
472,70,50,85
473,85,70,90
474,60,40,80
475,70,50,60
476,45,30,20
477,65,50,75
478,70,60,75
479,85,90,95
480,75,50,85
481,85,60,90
482,75,60,90
483,65,20,80
484,60,50,70
485,85,70,90
486,85,70,90
487,75,80,90
488,85,70,90
489,90,85,95
490,70,50,80
491,65,75,80
492,85,70,95
493,75,40,80
494,90,80,100
495,75,50,85
496,75,65,85
497,80,60,70
498,75,70,85
499,70,80,90
500,85,70,90
501,75,85,90
502,85,65,90
503,85,70,90
504,85,70,90
505,85,70,90
506,85,40,90
507,85,90,95
508,60,40,85
509,90,85,95
510,75,60,85
511,70,60,80
512,70,20,85
513,85,90,80
514,75,60,85
515,60,40,80
516,70,85,75
517,85,60,90
518,85,70,90
519,70,40,60
520,75,80,85
521,75,50,90
522,85,60,90
523,70,60,80
524,85,60,75
525,70,50,60
526,85,70,90
527,85,70,90
528,70,75,80
529,75,80,90
530,85,60,95
531,85,70,90
532,85,70,90
533,85,60,90
534,90,80,70
535,85,70,90
536,85,70,80
537,85,60,95
538,85,70,90
539,80,70,90
540,85,70,90
541,75,60,85
542,75,50,80
543,85,70,90
544,75,50,80
545,75,85,60
546,85,75,90
547,85,70,90
548,70,50,85
549,60,50,70
550,75,50,80
551,85,70,90
552,70,60,80
553,70,60,40
554,85,70,90
555,90,80,95
556,75,60,80
557,78,85,91
558,85,60,90
559,85,70,90
560,75,50,80
561,60,70,50
562,75,60,80
563,75,65,80
564,70,60,80
565,85,80,75
566,90,95,85
567,60,75,80
568,85,70,90
569,85,80,90
570,70,40,80
571,60,50,75
572,75,80,90
573,75,60,85
574,95,90,100
575,70,80,90
576,75,50,90
577,70,20,85
578,60,50,30
579,85,70,90
580,85,70,80
581,70,60,50
582,85,80,90
583,70,10,40
584,85,90,95
585,70,60,50
586,85,70,90
587,85,70,90
588,70,60,75
589,70,60,80
590,70,60,80
591,80,70,90
592,75,60,80
593,85,82,90
594,85,90,80
595,70,60,80
596,75,80,85
597,80,85,75
598,85,70,95
599,75,50,85
600,75,60,85
601,90,85,80
602,85,70,90
603,85,70,75
604,75,80,85
605,90,80,95
606,90,75,85
607,85,90,90
608,85,70,90
609,75,60,85
610,85,70,90
611,75,65,85
612,75,60,85
613,85,75,80
614,85,70,90
615,75,50,80
616,70,60,85
617,85,70,90
618,90,85,95
619,75,60,80
620,85,80,90
621,75,60,85
622,85,60,90
623,85,70,95
624,85,70,90
625,85,70,90
626,85,70,90
627,85,70,90
628,90,85,95
629,85,75,90
630,75,60,85
631,65,70,80
632,85,90,75
633,70,60,80
634,75,60,85
635,60,40,80
636,85,75,90
637,85,70,90
638,80,60,85
639,75,70,80
640,75,80,90
641,70,30,80
642,85,75,90
643,75,60,85
644,85,70,90
645,85,70,90
646,90,80,95
647,70,80,90
648,80,70,90
649,75,40,85
650,75,50,90
651,85,90,80
652,60,40,70
653,60,40,80
654,85,70,90
655,70,60,80
656,85,90,80
657,75,65,85
658,85,90,80
659,75,80,65
660,75,60,40
661,88,75,92
662,85,75,90
663,70,60,80
664,85,70,90
665,70,20,75
666,85,90,95
667,85,70,90
668,90,85,95
669,75,50,85
670,75,80,85
671,65,40,75
672,65,60,75
673,85,70,90
674,80,60,90
675,70,40,80
676,85,70,95
677,70,50,80
678,85,75,90
679,85,70,90
680,85,70,80
681,80,70,90
682,85,70,90
683,85,70,90
684,85,75,80
685,85,80,90
686,80,70,60
687,85,10,90
688,85,60,70
689,85,75,90
690,75,60,90
691,85,80,90
692,85,70,90
693,70,40,50
694,80,75,85
695,85,70,90
696,75,60,85
697,70,50,80
698,80,20,90
699,85,90,75
700,85,70,80
701,85,70,90
702,85,60,90
703,90,85,92
704,75,50,85
705,85,70,90
706,70,55,80
707,85,75,90
708,70,60,80
709,85,75,90
710,85,70,90
711,65,75,80
712,85,60,70
713,85,90,80
714,85,70,90
715,70,60,75
716,70,80,85
717,70,85,90
718,85,70,90
719,70,60,85
720,85,70,90
721,75,60,85
722,85,90,80
723,75,50,85
724,78,45,85
725,75,50,85
726,70,20,85
727,85,65,90
728,85,70,90
729,85,70,90
730,70,50,80
731,70,60,80
732,70,50,80
733,85,90,75
734,75,85,90
735,70,50,80
736,85,70,90
737,85,80,90
738,70,40,80
739,70,50,80
740,60,45,80
741,86,78,92
742,85,75,90
743,85,70,90
744,85,70,90
745,65,40,75
746,60,40,70
747,85,70,90
748,85,70,90
749,85,70,75
750,65,75,70
751,80,70,60
752,75,60,90
753,75,60,85
754,70,50,80
755,85,70,90
756,75,60,85
757,85,80,90
758,85,75,60
759,85,70,90
760,85,70,90
761,60,40,75
762,85,70,80
763,85,70,90
764,85,75,90
765,70,40,80
766,70,45,80
767,85,90,95
768,85,70,90
769,90,85,80
770,85,90,80
771,85,90,80
772,85,80,90
773,70,60,50
774,75,60,85
775,70,40,85
776,70,80,60
777,70,60,80
778,85,80,90
779,85,70,90
780,60,50,70
781,85,75,90
782,75,40,85
783,85,70,90
784,85,70,90
785,75,45,65
786,85,75,60
787,85,60,90
788,85,70,90
789,75,60,85
790,80,70,90
791,70,80,90
792,85,70,90
793,90,70,85
794,60,40,80
795,70,85,60
796,90,85,75
797,65,72,40
798,75,80,70
799,75,80,65
800,50,30,70
801,80,85,75
802,80,70,60
803,70,60,80
804,70,60,80
805,70,60,80
806,85,80,90
807,75,40,90
808,70,80,60
809,60,40,70
810,75,80,85
811,70,60,80
812,75,60,90
813,85,50,90
814,90,85,80
815,60,45,70
816,85,70,90
817,80,70,90
818,75,90,60
819,80,60,90
820,85,70,90
821,65,80,70
822,60,30,40
823,70,50,80
824,70,65,80
825,75,50,60
826,70,80,85
827,75,60,40
828,75,50,85
829,85,90,75
830,70,60,80
831,90,60,85
832,80,70,90
833,75,80,85
834,90,85,95
835,85,70,90
836,70,50,80
837,85,75,90
838,75,60,80
839,75,60,90
840,90,75,95
841,75,50,80
842,85,80,90
843,75,60,85
844,70,55,90
845,70,85,90
846,60,40,75
847,75,80,70
848,90,85,95
849,80,70,50
850,70,60,80
851,85,90,85
852,90,80,85
853,70,40,80
854,75,40,90
855,70,30,80
856,85,70,90
857,75,50,90
858,85,90,95
859,90,85,90
860,85,70,90
861,70,50,80
862,75,50,80
863,85,90,95
864,85,70,90
865,80,60,90
866,70,50,80
867,80,60,90
868,73,87,64
869,75,60,85
870,75,80,85
871,85,70,90
872,85,70,90
873,70,60,90
874,85,75,90
875,85,70,90
876,75,80,90
877,85,70,90
878,85,75,90
879,85,70,90
880,85,40,90
881,85,70,90
882,60,40,75
883,75,20,90
884,75,40,65
885,70,60,85
886,85,60,90
887,80,70,85
888,65,30,50
889,85,70,90
890,85,70,75
891,50,60,40
892,85,90,80
893,75,50,90
894,85,90,95
895,70,60,75
896,85,70,90
897,75,40,85
898,85,60,90
899,70,80,90
900,85,70,90
901,85,75,90
902,85,90,95
903,85,92,78
904,85,70,90
905,75,50,90
906,85,75,90
907,80,70,90
908,75,85,90
909,85,70,90
910,85,70,90
911,85,70,80
912,70,60,50
913,75,60,85
914,85,70,90
915,70,60,85
916,85,60,90
917,70,50,80
918,85,70,90
919,70,75,80
920,75,85,90
921,70,60,80
922,65,45,80
923,85,75,90
924,75,20,90
925,70,60,80
926,85,70,90
927,75,50,80
928,85,90,70
929,75,60,85
930,70,75,80
931,85,90,70
932,75,60,85
933,75,60,50
934,70,55,85
935,85,30,90
936,85,60,75
937,85,90,75
938,75,85,80
939,85,90,80
940,85,70,90
941,75,60,85
942,85,70,90
943,70,80,90
944,90,70,85
945,85,75,90
946,85,60,90
947,85,70,90
948,85,90,75
949,85,70,90
950,85,70,90
951,85,70,90
952,85,70,90
953,90,85,95
954,85,75,90
955,85,70,90
956,85,70,90
957,70,60,80
958,85,95,90
959,80,60,85
960,65,50,70
961,85,70,90
962,85,70,90
963,80,90,70
964,60,45,55
965,90,95,85
966,75,60,80
967,85,70,90
968,70,60,80
969,85,70,90
970,75,40,85
971,85,60,90
972,70,80,90
973,85,70,80
974,70,50,80
975,85,70,95
976,70,40,80
977,75,60,50
978,85,70,90
979,85,90,95
980,70,60,80
981,85,70,80
982,70,50,60
983,75,60,80
984,85,90,80
985,75,80,90
986,65,70,80
987,75,50,80
988,70,85,90
989,85,75,90
990,85,70,90
991,85,70,90
992,85,75,90
993,75,60,85
994,70,80,50
995,85,70,90
996,70,75,80
997,70,50,85
998,75,60,80
999,75,60,85
1000,75,60,80
1001,85,90,80
1002,75,80,85
1003,70,85,60
1004,90,80,95
1005,65,40,80
1006,75,60,85
1007,65,50,75
1008,80,90,85
1009,65,40,75
1010,75,80,90
1011,85,70,90
1012,70,60,85
1013,85,90,95
1014,75,50,60
1015,75,50,80
1016,85,60,90
1017,70,40,85
1018,80,85,90
1019,85,70,90
1020,70,60,80
1021,75,60,80
1022,85,75,90
1023,80,90,85
1024,85,70,90
1025,75,60,80
1026,85,60,90
1027,85,90,80
1028,90,85,80
1029,70,60,80
1030,70,30,80
1031,65,40,75
1032,70,80,90
1033,65,50,80
1034,85,75,90
1035,70,50,85
1036,85,75,80
1037,75,60,85
1038,70,80,90
1039,80,90,70
1040,75,60,80
1041,75,50,90
1042,85,70,80
1043,80,70,90
1044,85,60,90
1045,85,70,90
1046,80,70,90
1047,90,80,85
1048,65,50,75
1049,50,25,75
1050,85,80,70
1051,85,75,90
1052,85,75,90
1053,85,70,80
1054,85,78,90
1055,75,60,85
1056,75,50,60
1057,60,70,80
1058,90,80,100
1059,70,60,80
1060,70,40,90
1061,70,60,30
1062,75,80,90
1063,75,80,90
1064,85,70,90
1065,85,80,90
1066,75,50,30
1067,85,75,90
1068,75,85,90
1069,80,75,85
1070,85,75,90
1071,85,70,95
1072,75,80,90
1073,80,70,90
1074,70,60,80
1075,85,70,90
1076,90,80,95
1077,70,60,80
1078,85,70,90
1079,85,70,90
1080,70,50,80
1081,85,70,90
1082,90,75,95
1083,75,60,85
1084,70,40,60
1085,75,80,85
1086,90,85,80
1087,60,50,75
1088,90,80,75
1089,85,75,70
1090,85,75,90
1091,85,70,90
1092,75,60,85
1093,65,40,80
1094,75,80,85
1095,85,75,90
1096,80,50,90
1097,85,80,90
1098,75,60,80
1099,60,70,80
1100,75,40,90
1101,70,40,80
1102,85,90,80
1103,80,60,90
1104,85,70,80
1105,85,70,90
1106,85,90,95
1107,80,90,70
1108,85,75,60
1109,85,90,80
1110,70,40,60
1111,85,75,90
1112,85,90,80
1113,85,70,90
1114,70,50,60
1115,85,70,90
1116,70,60,75
1117,85,70,90
1118,85,70,90
1119,60,50,40
1120,70,80,90
1121,70,60,80
1122,85,70,90
1123,85,60,90
1124,75,60,85
1125,85,60,90
1126,70,50,80
1127,80,75,90
1128,85,60,90
1129,75,80,90
1130,70,20,85
1131,85,70,90
1132,65,40,75
1133,70,60,80
1134,70,80,85
1135,80,70,90
1136,85,60,75
1137,80,90,95
1138,70,20,85
1139,85,70,90
1140,70,60,50
1141,70,60,80
1142,85,70,90
1143,75,60,85
1144,80,90,85
1145,80,75,70
1146,85,70,90
1147,60,30,80
1148,80,65,90
1149,75,60,85
1150,85,80,90
1151,65,50,75
1152,65,40,80
1153,75,80,90
1154,85,90,75
1155,90,70,100
1156,75,50,80
1157,90,50,100
1158,85,80,90
1159,85,75,90
1160,70,45,80
1161,65,50,80
1162,70,50,85
1163,70,50,80
1164,80,70,90
1165,85,70,90
1166,85,90,95
1167,75,60,85
1168,75,60,80
1169,85,70,90
1170,85,90,95
1171,65,45,80
1172,85,75,90
1173,85,75,90
1174,85,90,80
1175,70,40,80
1176,75,60,85
1177,40,60,70
1178,75,80,60
1179,85,70,75
1180,60,70,50
1181,85,75,90
1182,70,60,80
1183,85,70,90
1184,85,70,90
1185,75,60,85
1186,85,60,90
1187,70,20,85
1188,70,40,85
1189,90,75,85
1190,85,70,80
1191,75,80,90
1192,85,75,90
1193,85,70,90
1194,85,70,90
1195,85,50,90
1196,70,30,80
1197,85,90,80
1198,75,60,85
1199,60,50,70
1200,80,70,90
1201,85,90,92
1202,85,60,90
1203,70,60,75
1204,85,75,90
1205,85,70,80
1206,75,60,85
1207,85,90,80
1208,80,60,70
1209,75,80,90
1210,90,85,95
1211,85,75,90
1212,70,50,80
1213,75,60,85
1214,75,80,85
1215,75,60,85
1216,85,70,90
1217,85,70,90
1218,90,85,95
1219,80,70,90
1220,85,75,90
1221,85,70,90
1222,70,50,80
1223,85,70,90
1224,75,60,80
1225,85,75,90
1226,85,90,80
1227,65,70,80
1228,70,45,90
1229,80,60,90
1230,85,80,90
1231,70,40,85
1232,85,30,90
1233,75,80,90
1234,70,50,80
1235,80,70,90
1236,75,60,90
1237,85,70,60
1238,60,40,75
1239,70,40,80
1240,70,30,80
1241,65,80,90
1242,85,90,80
1243,85,70,90
1244,75,50,85
1245,75,80,90
1246,70,60,80
1247,60,75,80
1248,80,50,90
1249,70,50,80
1250,75,65,85
1251,60,20,80
1252,65,40,80
1253,80,70,60
1254,90,70,95
1255,85,40,90
1256,60,40,70
1257,85,70,90
1258,75,40,60
1259,75,80,90
1260,75,80,60
1261,85,70,60
1262,70,40,80
1263,75,60,80
1264,75,50,85
1265,75,50,60
1266,85,70,90
1267,85,80,90
1268,85,20,90
1269,75,50,80
1270,75,80,90
1271,85,70,90
1272,65,40,75
1273,80,70,90
1274,70,60,80
1275,85,80,90
1276,60,40,75
1277,90,80,95
1278,85,90,95
1279,85,90,95
1280,60,50,70
1281,75,50,90
1282,85,70,90
1283,70,60,80
1284,85,70,90
1285,70,40,50
1286,85,70,90
1287,85,60,95
1288,75,60,80
1289,85,75,90
1290,70,50,80
1291,75,60,85
1292,85,75,90
1293,85,90,80
1294,90,80,95
1295,70,60,80
1296,85,70,90
1297,85,70,90
1298,75,70,80
1299,75,40,60
1300,75,40,85
1301,85,70,80
1302,75,60,90
1303,75,80,85
1304,70,50,80
1305,90,80,95
1306,85,75,90
1307,75,60,85
1308,60,20,80
1309,70,50,80
1310,70,80,85
1311,75,60,85
1312,70,50,80
1313,90,80,85
1314,60,70,80
1315,80,85,90
1316,65,30,75
1317,85,70,90
1318,60,75,80
1319,75,50,90
1320,75,80,85
1321,75,60,90
1322,85,40,75
1323,85,70,90
1324,60,30,70
1325,85,75,90
1326,85,70,90
1327,85,70,90
1328,85,70,60
1329,85,70,90
1330,90,60,85
1331,70,40,85
1332,90,85,95
1333,85,55,90
1334,60,70,50
1335,75,80,85
1336,85,70,90
1337,75,60,80
1338,85,70,90
1339,70,60,80
1340,75,50,90
1341,60,70,50
1342,60,40,70
1343,90,85,95
1344,70,85,75
1345,85,75,95
1346,90,85,70
1347,70,60,50
1348,85,70,90
1349,40,30,60
1350,85,90,95
1351,85,70,80
1352,80,90,75
1353,80,75,85
1354,80,70,90
1355,90,95,100
1356,80,60,90
1357,85,70,90
1358,85,70,75
1359,90,70,100
1360,85,70,90
1361,75,80,85
1362,75,60,85
1363,60,50,80
1364,75,80,90
1365,85,60,75
1366,92,85,90
1367,60,40,75
1368,85,70,95
1369,85,70,90
1370,70,60,80
1371,75,60,85
1372,70,60,80
1373,60,20,70
1374,65,50,75
1375,80,70,90
1376,70,50,85
1377,75,60,65
1378,65,40,75
1379,85,60,90
1380,70,60,80
1381,90,95,85
1382,80,60,90
1383,85,60,75
1384,85,90,95
1385,75,60,85
1386,75,80,85
1387,85,70,80
1388,70,80,65
1389,90,20,100
1390,85,70,90
1391,65,40,55
1392,85,70,90
1393,85,90,92
1394,60,50,70
1395,85,70,90
1396,75,60,85
1397,70,30,80
1398,80,60,90
1399,90,85,95
1400,75,60,85
1401,70,50,80
1402,90,85,90
1403,70,60,80
1404,75,60,85
1405,80,65,85
1406,60,70,80
1407,85,60,90
1408,85,70,90
1409,85,70,90
1410,75,60,80
1411,85,80,90
1412,75,60,85
1413,85,75,90
1414,75,40,90
1415,60,40,75
1416,75,60,85
1417,75,60,80
1418,85,75,90
1419,70,60,80
1420,85,75,90
1421,85,50,90
1422,85,75,90
1423,85,70,90
1424,70,60,80
1425,70,60,80
1426,85,75,90
1427,70,30,50
1428,85,50,90
1429,85,70,90
1430,85,70,90
1431,85,70,90
1432,75,50,90
1433,75,60,85
1434,50,70,80
1435,85,90,80
1436,75,50,90
1437,85,70,90
1438,90,80,95
1439,85,60,90
1440,85,75,90
1441,85,80,90
1442,85,70,90
1443,85,60,90
1444,75,60,85
1445,60,45,80
1446,75,60,80
1447,75,80,90
1448,75,50,90
1449,70,50,80
1450,75,50,80
1451,70,60,80
1452,70,50,60
1453,85,75,90
1454,90,80,100
1455,85,70,95
1456,85,70,90
1457,70,50,80
1458,85,90,95
1459,75,60,80
1460,70,40,80
1461,85,70,90
1462,85,70,90
1463,65,50,75
1464,80,40,60
1465,75,50,80
1466,85,70,90
1467,70,85,80
1468,90,75,95
1469,70,40,60
1470,75,85,90
1471,85,80,90
1472,90,85,95
1473,80,85,90
1474,60,30,75
1475,85,90,95
1476,80,70,60
1477,85,70,90
1478,85,70,80
1479,85,70,90
1480,85,60,90
1481,70,20,90
1482,85,70,90
1483,70,40,85
1484,85,70,90
1485,70,60,80
1486,75,45,85
1487,75,60,85
1488,75,80,90
1489,85,90,95
1490,85,70,90
1491,85,90,80
1492,95,90,95
1493,80,40,90
1494,60,40,80
1495,70,60,80
1496,70,50,80
1497,85,75,90
1498,75,60,85
1499,75,60,85
1500,70,50,80
1501,75,80,85
1502,75,50,40
1503,75,60,80
1504,85,60,90
1505,85,90,85
1506,75,80,85
1507,70,60,80
1508,85,75,90
1509,85,70,90
1510,75,70,80
1511,85,70,90
1512,85,70,90
1513,95,90,95
1514,85,60,90
1515,85,70,90
1516,70,80,60
1517,70,60,80
1518,85,75,90
1519,85,80,90
1520,85,70,90
1521,85,70,90
1522,70,20,80
1523,85,70,90
1524,70,60,80
1525,85,90,95
1526,65,70,40
1527,75,60,80
1528,85,70,60
1529,85,70,90
1530,85,70,90
1531,65,70,80
1532,90,80,95
1533,75,85,90
1534,85,90,95
1535,85,60,90
1536,85,70,90
1537,80,50,90
1538,65,50,75
1539,85,60,95
1540,65,50,40
1541,85,75,90
1542,70,85,90
1543,70,80,90
1544,85,70,90
1545,75,40,85
1546,75,80,80
1547,85,90,80
1548,85,65,90
1549,85,70,90
1550,70,80,85
1551,75,60,80
1552,75,80,85
1553,85,90,80
1554,85,75,90
1555,85,60,75
1556,85,90,95
1557,75,65,80
1558,85,75,80
1559,75,60,85
1560,70,85,80
1561,85,65,90
1562,75,80,85
1563,65,45,80
1564,70,60,80
1565,75,80,90
1566,90,95,90
1567,85,90,95
1568,85,60,90
1569,85,60,90
1570,75,80,60
1571,85,70,90
1572,60,20,70
1573,85,70,92
1574,90,80,85
1575,60,40,75
1576,85,70,90
1577,75,80,90
1578,85,80,90
1579,90,85,80
1580,70,80,90
1581,85,60,80
1582,85,90,95
1583,85,60,95
1584,70,50,80
1585,85,90,95
1586,75,60,80
1587,70,60,80
1588,70,20,60
1589,75,60,80
1590,70,30,80
1591,75,60,85
1592,75,60,85
1593,85,75,90
1594,75,70,80
1595,75,80,90
1596,85,70,90
1597,85,70,95
1598,70,60,80
1599,70,20,100
1600,85,60,90
1601,70,60,80
1602,85,90,90
1603,85,80,70
1604,70,50,90
1605,70,60,80
1606,85,70,90
1607,85,90,90
1608,75,60,80
1609,65,75,80
1610,85,70,90
1611,70,60,80
1612,85,70,90
1613,85,70,90
1614,80,70,90
1615,90,80,95
1616,85,75,80
1617,70,60,80
1618,85,90,95
1619,85,70,60
1620,60,40,70
1621,85,60,75
1622,50,60,70
1623,80,90,85
1624,85,70,90
1625,75,80,70
1626,85,70,90
1627,85,90,80
1628,85,70,90
1629,80,85,90
1630,85,70,90
1631,85,80,75
1632,85,70,90
1633,70,45,85
1634,75,85,90
1635,60,40,80
1636,70,20,85
1637,85,60,90
1638,85,90,92
1639,75,60,80
1640,70,60,85
1641,85,60,90
1642,85,70,90
1643,75,60,85
1644,90,85,95
1645,85,70,90
1646,85,70,60
1647,85,70,90
1648,85,40,90
1649,70,60,80
1650,85,60,90
1651,85,70,90
1652,65,55,40
1653,80,60,90
1654,70,50,80
1655,75,50,90
1656,80,60,90
1657,85,70,95
1658,85,70,90
1659,80,70,90
1660,75,80,85
1661,70,40,85
1662,75,65,80
1663,85,70,90
1664,85,70,90
1665,65,70,80
1666,85,70,90
1667,65,45,75
1668,75,50,90
1669,80,60,90
1670,75,80,70
1671,70,55,80
1672,70,60,80
1673,85,75,90
1674,75,60,85
1675,65,70,50
1676,85,60,90
1677,70,80,60
1678,90,70,85
1679,85,70,75
1680,70,60,70
1681,70,75,80
1682,75,80,90
1683,85,70,90
1684,85,75,90
1685,65,70,90
1686,85,70,90
1687,75,60,80
1688,70,60,80
1689,75,60,85
1690,85,70,90
1691,70,60,85
1692,60,70,50
1693,70,40,80
1694,80,60,90
1695,70,65,90
1696,70,60,80
1697,70,60,80
1698,85,70,90
1699,90,70,80
1700,75,60,90
1701,70,50,85
1702,85,70,75
1703,70,60,80
1704,70,40,90
1705,75,60,80
1706,85,75,90
1707,70,50,85
1708,83,75,90
1709,90,80,95
1710,85,90,95
1711,70,80,85
1712,85,60,90
1713,75,50,90
1714,75,80,85
1715,85,70,90
1716,65,70,80
1717,85,90,80
1718,70,75,80
1719,70,40,55
1720,60,20,75
1721,60,40,80
1722,85,50,90
1723,75,60,85
1724,85,90,80
1725,80,60,90
1726,75,60,85
1727,75,80,85
1728,85,70,90
1729,90,85,95
1730,90,80,95
1731,85,75,90
1732,75,60,80
1733,85,70,90
1734,75,60,85
1735,75,85,90
1736,65,50,80
1737,85,80,90
1738,85,70,90
1739,85,60,90
1740,70,50,80
1741,85,70,90
1742,65,80,75
1743,85,70,90
1744,80,70,85
1745,85,70,90
1746,85,90,80
1747,85,70,80
1748,60,40,75
1749,75,60,85
1750,60,70,50
1751,70,80,90
1752,70,65,80
1753,90,80,95
1754,75,60,85
1755,85,70,90
1756,70,50,80
1757,95,85,100
1758,85,90,95
1759,75,60,80
1760,85,70,60
1761,85,70,90
1762,85,60,90
1763,90,85,85
1764,80,90,85
1765,85,75,80
1766,85,70,90
1767,85,90,80
1768,70,60,80
1769,85,70,90
1770,80,70,90
1771,75,80,85
1772,80,70,90
1773,75,85,60
1774,70,50,85
1775,65,50,75
1776,85,90,70
1777,85,60,95
1778,80,60,90
1779,85,70,95
1780,80,50,70
1781,75,60,85
1782,75,60,85
1783,80,70,50
1784,85,70,90
1785,70,80,90
1786,85,70,80
1787,82,65,91
1788,90,75,95
1789,90,95,85
1790,85,70,90
1791,70,85,90
1792,85,40,90
1793,75,40,85
1794,85,90,80
1795,85,70,90
1796,65,40,75
1797,70,50,90
1798,85,60,90
1799,90,75,100
1800,70,60,80
1801,90,80,85
1802,85,40,70
1803,70,40,80
1804,80,75,85
1805,70,80,90
1806,70,50,85
1807,90,85,80
1808,85,75,60
1809,85,70,90
1810,75,80,85
1811,85,75,90
1812,85,90,88
1813,75,60,80
1814,85,70,90
1815,85,70,90
1816,70,85,50
1817,70,60,80
1818,70,20,80
1819,60,45,75
1820,70,50,80
1821,65,40,80
1822,85,70,90
1823,70,40,80
1824,85,70,90
1825,75,85,90
1826,70,40,60
1827,90,75,95
1828,85,70,90
1829,90,85,95
1830,75,50,75
1831,70,60,80
1832,65,70,80
1833,85,80,90
1834,85,90,80
1835,76,20,82
1836,85,90,80
1837,75,70,80
1838,80,50,90
1839,85,90,95
1840,75,50,90
1841,70,50,80
1842,75,60,85
1843,90,85,80
1844,85,90,95
1845,85,75,90
1846,85,70,90
1847,85,70,90
1848,60,40,80
1849,75,60,85
1850,75,60,85
1851,75,60,85
1852,85,90,95
1853,85,70,90
1854,90,95,85
1855,75,65,80
1856,80,70,90
1857,85,70,90
1858,85,90,95
1859,75,50,90
1860,85,70,90
1861,70,40,90
1862,75,50,85
1863,70,30,85
1864,85,70,80
1865,85,80,90
1866,90,75,80
1867,75,80,90
1868,85,70,90
1869,75,60,85
1870,85,70,90
1871,70,50,85
1872,75,60,90
1873,70,50,80
1874,85,75,90
1875,85,80,90
1876,85,70,90
1877,75,50,80
1878,85,75,90
1879,75,50,100
1880,85,70,90
1881,75,60,85
1882,80,60,100
1883,90,80,85
1884,85,70,90
1885,60,70,80
1886,85,60,75
1887,85,90,80
1888,85,75,90
1889,90,85,80
1890,85,70,90
1891,80,90,85
1892,85,90,80
1893,85,70,95
1894,60,70,80
1895,65,70,80
1896,85,70,90
1897,85,70,90
1898,85,80,90
1899,70,55,80
1900,70,60,80
1901,85,70,80
1902,85,70,90
1903,75,60,80
1904,85,70,60
1905,85,70,90
1906,85,80,90
1907,85,50,90
1908,80,60,90
1909,85,75,90
1910,70,50,80
1911,85,70,90
1912,80,85,70
1913,70,50,80
1914,85,90,80
1915,84,70,92
1916,85,75,60
1917,85,70,90
1918,80,60,90
1919,85,70,90
1920,85,40,90
1921,85,70,90
1922,75,60,85
1923,85,90,80
1924,85,70,90
1925,85,75,90
1926,90,85,95
1927,90,80,95
1928,75,60,85
1929,90,80,95
1930,85,90,80
1931,90,70,95
1932,85,70,90
1933,75,60,85
1934,85,70,90
1935,85,70,90
1936,70,45,85
1937,70,60,80
1938,70,60,50
1939,75,60,90
1940,65,40,80
1941,75,60,80
1942,85,60,90
1943,85,70,90
1944,82,65,90
1945,75,80,90
1946,70,80,60
1947,85,70,90
1948,85,90,75
1949,70,60,80
1950,70,60,80
1951,85,70,65
1952,65,40,80
1953,80,70,90
1954,80,70,85
1955,85,70,90
1956,85,75,90
1957,80,70,90
1958,80,65,85
1959,60,40,70
1960,85,75,90
1961,75,80,85
1962,85,70,90
1963,85,70,90
1964,70,45,80
1965,90,85,80
1966,90,75,80
1967,75,60,80
1968,90,75,80
1969,75,60,80
1970,85,70,90
1971,85,70,80
1972,50,30,60
1973,75,50,85
1974,85,75,90
1975,85,70,90
1976,75,60,80
1977,85,90,95
1978,70,40,85
1979,75,60,85
1980,60,40,70
1981,80,60,90
1982,75,60,80
1983,70,65,75
1984,85,80,90
1985,85,75,90
1986,70,85,60
1987,85,80,90
1988,85,60,90
1989,75,60,80
1990,80,70,90
1991,70,40,80
1992,70,60,75
1993,85,70,90
1994,85,70,90
1995,75,50,60
1996,70,80,90
1997,85,75,90
1998,80,50,90
1999,85,70,90
2000,85,70,90
2001,85,70,60
2002,70,65,80
2003,83,79,91
2004,90,85,80
2005,70,85,60
2006,85,70,90
2007,65,40,85
2008,75,60,80
2009,75,50,85
2010,75,50,80
2011,85,90,80
2012,75,60,85
2013,80,85,75
2014,80,90,85
2015,90,70,95
2016,80,70,90
2017,85,80,90
2018,70,80,60
2019,90,80,95
2020,70,60,85
2021,75,80,65
2022,70,60,75
2023,75,60,80
2024,65,70,80
2025,80,60,85
2026,70,50,80
2027,70,40,80
2028,90,85,80
2029,85,75,90
2030,85,90,80
2031,90,85,80
2032,85,60,95
2033,85,80,90
2034,80,70,90
2035,70,60,80
2036,85,70,90
2037,75,60,85
2038,75,60,90
2039,85,70,90
2040,95,90,100
2041,70,80,85
2042,65,30,80
2043,75,60,85
2044,85,90,80
2045,75,60,80
2046,60,75,50
2047,80,70,90
2048,85,75,90
2049,75,50,80
2050,90,85,95
2051,80,60,85
2052,70,40,85
2053,70,40,80
2054,85,70,90
2055,70,80,90
2056,90,80,85
2057,90,85,95
2058,85,50,95
2059,75,60,80
2060,75,80,70
2061,85,80,90
2062,82,70,90
2063,85,60,90
2064,85,90,80
2065,70,60,80
2066,85,70,90
2067,75,60,85
2068,70,60,50
2069,80,90,60
2070,70,60,80
2071,70,60,80
2072,70,60,75
2073,85,80,90
2074,85,70,90
2075,90,85,95
2076,85,90,80
2077,75,85,90
2078,75,50,85
2079,90,80,95
2080,90,70,80
2081,70,60,80
2082,83,60,75
2083,75,80,90
2084,75,60,85
2085,70,40,85
2086,70,80,60
2087,70,60,50
2088,85,70,90
2089,75,50,85
2090,90,85,80
2091,90,75,95
2092,75,50,90
2093,75,60,80
2094,75,60,85
2095,75,20,90
2096,75,40,60
2097,75,60,90
2098,75,60,80
2099,90,85,80
2100,60,50,75
2101,60,45,70
2102,80,85,90
2103,75,50,90
2104,75,50,80
2105,75,85,60
2106,85,90,80
2107,75,85,90
2108,90,80,70
2109,80,70,90
2110,50,40,70
2111,85,90,70
2112,85,70,90
2113,70,60,80
2114,85,75,90
2115,85,80,90
2116,85,70,90
2117,85,90,95
2118,85,70,90
2119,60,40,50
2120,70,50,80
2121,70,30,80
2122,75,40,85
2123,85,70,90
2124,90,95,85
2125,70,60,80
2126,90,60,85
2127,85,60,75
2128,60,40,75
2129,80,60,85
2130,85,90,95
2131,75,60,80
2132,85,70,60
2133,85,75,90
2134,85,65,90
2135,85,60,95
2136,85,70,90
2137,70,85,80
2138,90,60,95
2139,60,70,80
2140,70,40,85
2141,75,60,85
2142,85,75,90
2143,85,90,95
2144,70,50,80
2145,85,60,90
2146,70,40,85
2147,80,70,90
2148,85,90,92
2149,75,60,85
2150,75,70,80
2151,90,80,95
2152,80,70,90
2153,85,65,92
2154,70,50,85
2155,75,60,90
2156,75,50,90
2157,60,30,80
2158,90,85,90
2159,85,70,90
2160,70,50,80
2161,85,90,95
2162,90,85,88
2163,70,80,90
2164,90,85,80
2165,85,75,90
2166,85,60,90
2167,85,70,90
2168,70,60,80
2169,80,70,90
2170,85,75,90
2171,70,80,90
2172,80,85,90
2173,85,65,90
2174,85,70,90
2175,70,50,80
2176,80,90,85
2177,85,40,90
2178,85,70,90
2179,70,30,80
2180,85,80,90
2181,85,70,90
2182,85,70,90
2183,70,50,80
2184,70,85,90
2185,70,50,85
2186,80,70,90
2187,85,72,90
2188,90,85,80
2189,70,60,75
2190,85,70,90
2191,80,60,90
2192,70,60,80
2193,85,90,95
2194,85,70,90
2195,75,80,85
2196,85,90,95
2197,75,60,80
2198,85,70,90
2199,85,75,90
2200,85,70,90
2201,85,40,90
2202,85,75,90
2203,90,85,95
2204,85,90,95
2205,75,70,85
2206,70,45,85
2207,80,70,90
2208,75,50,90
2209,90,85,95
2210,85,70,90
2211,60,45,75
2212,70,60,80
2213,65,40,80
2214,60,70,75
2215,75,40,85
2216,70,50,80
2217,80,65,90
2218,70,60,80
2219,60,40,70
2220,70,60,80
2221,65,70,60
2222,65,55,75
2223,75,60,85
2224,70,50,60
2225,75,60,80
2226,85,90,80
2227,80,65,90
2228,65,70,80
2229,75,60,85
2230,75,60,85
2231,85,70,90
2232,75,60,80
2233,75,60,85
2234,70,55,85
2235,75,60,70
2236,75,60,80
2237,85,70,90
2238,60,75,85
2239,75,60,85
2240,85,80,90
2241,70,50,85
2242,85,70,90
2243,82,60,88
2244,85,70,90
2245,75,40,85
2246,75,60,85
2247,85,70,90
2248,75,60,85
2249,85,70,90
2250,85,70,92
2251,90,85,80
2252,85,70,90
2253,90,70,95
2254,85,70,90
2255,85,70,90
2256,80,85,90
2257,75,70,80
2258,85,70,90
2259,85,90,80
2260,85,90,95
2261,85,70,90
2262,85,75,90
2263,75,40,80
2264,60,70,80
2265,90,85,95
2266,90,85,95
2267,85,75,90
2268,75,60,85
2269,70,50,85
2270,60,75,85
2271,85,90,80
2272,85,80,90
2273,75,10,90
2274,85,60,90
2275,85,70,60
2276,85,75,90
2277,85,70,90
2278,70,50,80
2279,70,60,80
2280,70,60,80
2281,85,70,90
2282,75,60,85
2283,90,80,95
2284,85,70,80
2285,70,80,60
2286,85,90,80
2287,85,75,90
2288,70,50,80
2289,70,80,90
2290,75,45,80
2291,75,50,85
2292,80,70,90
2293,80,60,90
2294,85,70,95
2295,75,50,60
2296,90,80,95
2297,85,75,90
2298,70,80,90
2299,70,50,60
2300,80,70,75
2301,75,50,85
2302,85,60,90
2303,85,90,80
2304,85,70,90
2305,75,60,85
2306,85,70,90
2307,60,50,70
2308,70,50,85
2309,85,60,90
2310,80,60,90
2311,75,80,90
2312,85,75,90
2313,70,40,60
2314,70,60,80
2315,85,90,95
2316,75,80,90
2317,75,60,85
2318,60,75,80
2319,75,60,85
2320,75,80,90
2321,85,75,80
2322,75,60,85
2323,85,70,90
2324,90,10,80
2325,85,70,60
2326,85,60,90
2327,85,60,90
2328,70,60,80
2329,85,70,90
2330,85,70,90
2331,80,70,90
2332,75,85,80
2333,60,40,75
2334,75,45,90
2335,85,80,90
2336,80,90,85
2337,85,90,95
2338,65,30,80
2339,75,50,85
2340,85,70,90
2341,85,90,75
2342,70,50,60
2343,70,50,80
2344,70,60,85
2345,65,40,70
2346,75,50,90
2347,85,90,80
2348,85,90,80
2349,85,90,80
2350,75,60,85
2351,85,70,80
2352,85,20,90
2353,85,60,90
2354,85,80,90
2355,70,60,85
2356,85,80,90
2357,65,75,80
2358,80,65,90
2359,75,45,90
2360,75,60,80
2361,85,60,90
2362,70,50,80
2363,85,60,90
2364,85,90,85
2365,85,90,80
2366,60,40,80
2367,75,60,85
2368,80,70,90
2369,85,80,75
2370,75,60,85
2371,70,60,80
2372,85,70,90
2373,75,30,90
2374,70,80,90
2375,85,75,90
2376,85,70,95
2377,80,70,60
2378,85,70,90
2379,85,70,90
2380,75,50,65
2381,85,75,90
2382,85,70,90
2383,85,70,90
2384,75,60,85
2385,85,70,90
2386,80,90,100
2387,85,70,90
2388,70,50,80
2389,70,50,80
2390,85,50,90
2391,85,70,90
2392,80,85,70
2393,85,65,90
2394,80,85,75
2395,85,60,90
2396,75,60,50
2397,90,70,95
2398,75,50,85
2399,90,80,95
2400,70,50,80
2401,70,55,80
2402,75,60,80
2403,85,70,90
2404,70,60,80
2405,85,50,70
2406,85,60,90
2407,85,70,90
2408,60,40,70
2409,85,70,90
2410,80,40,90
2411,75,60,80
2412,70,20,80
2413,65,70,80
2414,65,40,90
2415,70,20,80
2416,75,40,90
2417,85,70,90
2418,85,75,90
2419,85,75,90
2420,75,80,85
2421,60,70,80
2422,85,70,90
2423,80,60,90
2424,85,70,90
2425,70,60,80
2426,70,80,90
2427,85,70,95
2428,75,80,70
2429,85,70,90
2430,70,80,90
2431,70,60,80
2432,85,80,90
2433,70,80,90
2434,75,40,90
2435,85,75,90
2436,80,60,90
2437,75,80,90
2438,70,30,80
2439,85,75,90
2440,60,40,80
2441,85,70,80
2442,85,75,90
2443,90,80,95
2444,70,60,80
2445,75,60,85
2446,90,80,95
2447,85,70,90
2448,70,60,40
2449,90,95,85
2450,80,60,90
2451,85,60,95
2452,75,45,80
2453,70,75,80
2454,90,50,95
2455,85,75,90
2456,85,90,80
2457,75,60,85
2458,70,75,80
2459,85,70,90
2460,90,75,85
2461,75,60,80
2462,75,60,55
2463,80,70,90
2464,85,70,90
2465,75,60,80
2466,80,50,90
2467,90,85,92
2468,85,50,90
2469,75,60,80
2470,90,85,95
2471,50,60,70
2472,75,65,80
2473,75,80,85
2474,85,70,95
2475,85,60,90
2476,85,70,95
2477,80,75,90
2478,75,60,85
2479,80,50,85
2480,85,70,90
2481,85,70,90
2482,85,70,90
2483,80,60,70
2484,75,60,85
2485,80,70,85
2486,75,70,80
2487,70,10,85
2488,85,50,90
2489,90,85,95
2490,80,70,90
2491,75,85,90
2492,85,75,90
2493,75,60,80
2494,85,90,75
2495,85,70,90
2496,75,50,85
2497,85,75,90
2498,75,85,90
2499,70,80,75
2500,85,70,90
2501,85,90,90
2502,90,60,95
2503,90,95,100
2504,80,90,85
2505,70,60,50
2506,85,60,95
2507,60,50,80
2508,80,50,90
2509,85,90,95
2510,75,70,80
2511,85,70,90
2512,70,80,90
2513,65,70,75
2514,65,30,80
2515,75,20,85
2516,85,90,95
2517,85,70,90
2518,85,70,90
2519,70,50,80
2520,70,65,75
2521,75,80,70
2522,70,80,90
2523,85,60,90
2524,85,75,90
2525,70,60,80
2526,90,85,95
2527,85,90,80
2528,70,50,80
2529,75,60,80
2530,85,90,70
2531,70,60,80
2532,85,80,90
2533,75,60,85
2534,75,80,90
2535,85,70,92
2536,80,90,95
2537,70,60,80
2538,75,80,60
2539,85,70,80
2540,90,80,95
2541,75,65,90
2542,75,85,90
2543,85,70,90
2544,75,50,80
2545,85,70,78
2546,75,60,85
2547,80,70,90
2548,75,70,80
2549,85,90,95
2550,80,70,90
2551,75,40,55
2552,85,75,90
2553,85,80,75
2554,75,80,70
2555,75,60,85
2556,85,70,90
2557,85,70,65
2558,85,70,90
2559,85,70,90
2560,80,75,60
2561,70,30,80
2562,75,90,85
2563,90,70,95
2564,85,70,90
2565,75,60,80
2566,75,60,80
2567,70,60,80
2568,85,90,95
2569,85,60,90
2570,75,60,80
2571,85,75,80
2572,50,20,70
2573,75,60,85
2574,65,40,75
2575,75,50,80
2576,70,50,85
2577,85,40,70
2578,85,40,90
2579,85,90,95
2580,85,70,90
2581,70,60,80
2582,90,80,85
2583,80,70,90
2584,90,85,95
2585,75,70,80
2586,85,70,90
2587,75,60,80
2588,40,30,70
2589,85,70,80
2590,85,70,90
2591,85,70,90
2592,85,80,90
2593,85,60,95
2594,85,50,90
2595,75,60,85
2596,70,60,80
2597,85,90,95
2598,85,50,90
2599,75,50,90
2600,75,60,85
2601,65,40,80
2602,70,50,80
2603,70,60,80
2604,85,70,90
2605,70,60,80
2606,75,60,85
2607,75,85,90
2608,75,50,100
2609,75,85,90
2610,40,70,50
2611,85,60,90
2612,70,60,75
2613,85,70,90
2614,60,20,80
2615,80,85,90
2616,85,70,90
2617,70,60,80
2618,90,80,85
2619,85,70,90
2620,60,70,80
2621,90,95,85
2622,70,60,80
2623,70,60,80
2624,75,60,85
2625,85,70,75
2626,85,75,90
2627,70,40,90
2628,85,75,90
2629,85,70,90
2630,85,60,90
2631,65,50,75
2632,85,70,90
2633,75,60,40
2634,75,50,80
2635,60,40,70
2636,85,70,90
2637,75,80,90
2638,75,80,65
2639,85,90,95
2640,90,80,95
2641,75,60,80
2642,85,90,80
2643,65,50,70
2644,85,70,95
2645,75,45,80
2646,80,70,90
2647,85,90,70
2648,70,40,85
2649,85,75,90
2650,90,75,95
2651,90,80,95
2652,70,40,80
2653,40,20,60
2654,75,60,80
2655,85,75,90
2656,70,60,80
2657,85,70,60
2658,85,90,80
2659,90,85,90
2660,75,60,85
2661,85,70,90
2662,85,90,80
2663,80,85,90
2664,85,70,90
2665,70,85,60
2666,75,80,85
2667,75,60,85
2668,85,70,90
2669,80,65,90
2670,60,70,80
2671,75,50,70
2672,85,70,90
2673,75,80,90
2674,95,90,95
2675,80,30,90
2676,70,80,85
2677,70,50,90
2678,60,75,80
2679,85,90,95
2680,85,80,90
2681,70,50,80
2682,70,40,80
2683,70,60,80
2684,75,50,60
2685,85,80,90
2686,85,70,90
2687,80,60,90
2688,75,10,90
2689,85,70,90
2690,70,40,85
2691,70,50,65
2692,70,60,80
2693,70,65,60
2694,90,80,95
2695,75,65,85
2696,90,85,95
2697,75,60,85
2698,70,65,80
2699,85,70,90
2700,85,80,70
2701,70,85,90
2702,90,80,95
2703,65,20,80
2704,70,50,90
2705,75,60,80
2706,70,50,80
2707,85,70,90
2708,75,70,80
2709,50,60,70
2710,85,70,90
2711,85,80,90
2712,70,50,85
2713,85,70,90
2714,90,85,95
2715,70,75,80
2716,85,70,90
2717,85,75,90
2718,85,75,90
2719,85,75,90
2720,75,60,85
2721,85,70,90
2722,85,60,90
2723,85,90,80
2724,65,40,85
2725,75,80,85
2726,70,55,85
2727,85,75,90
2728,75,60,50
2729,85,75,90
2730,85,70,95
2731,75,60,90
2732,70,60,50
2733,90,95,85
2734,65,40,75
2735,80,70,85
2736,90,75,85
2737,90,85,90
2738,70,80,90
2739,90,75,95
2740,85,70,75
2741,70,80,85
2742,85,70,90
2743,70,75,80
2744,85,60,90
2745,85,70,90
2746,65,50,80
2747,85,70,90
2748,90,95,100
2749,70,60,50
2750,75,85,90
2751,70,60,80
2752,90,85,95
2753,85,60,90
2754,90,80,70
2755,85,80,90
2756,65,70,60
2757,75,60,90
2758,70,60,80
2759,80,85,90
2760,85,80,90
2761,70,80,85
2762,85,75,90
2763,90,85,95
2764,85,60,90
2765,90,85,95
2766,85,80,90
2767,80,30,75
2768,85,70,90
2769,75,80,85
2770,75,60,80
2771,85,70,90
2772,70,75,85
2773,80,70,90
2774,70,65,80
2775,70,50,85
2776,75,50,90
2777,65,50,80
2778,85,70,90
2779,85,70,90
2780,70,45,80
2781,70,80,60
2782,70,30,60
2783,75,40,80
2784,75,60,80
2785,85,70,90
2786,70,10,80
2787,85,60,90
2788,70,80,60
2789,85,70,90
2790,70,50,80
2791,70,45,80
2792,60,75,85
2793,60,70,80
2794,70,60,80
2795,85,90,80
2796,70,65,80
2797,85,80,90
2798,80,70,85
2799,75,60,80
2800,85,40,70
2801,85,80,90
2802,85,70,90
2803,85,80,90
2804,85,70,90
2805,85,70,90
2806,40,60,75
2807,90,75,85
2808,80,70,90
2809,65,70,80
2810,85,80,90
2811,85,70,90
2812,70,40,80
2813,85,90,95
2814,85,70,90
2815,85,70,90
2816,70,40,80
2817,85,70,90
2818,75,80,90
2819,75,60,80
2820,85,45,70
2821,85,75,90
2822,70,50,80
2823,75,60,80
2824,85,70,90
2825,75,80,90
2826,75,60,80
2827,70,40,80
2828,80,70,85
2829,70,20,80
2830,90,85,95
2831,70,50,80
2832,75,60,85
2833,70,80,85
2834,85,75,90
2835,75,50,90
2836,70,50,80
2837,80,70,85
2838,85,75,95
2839,65,75,70
2840,90,70,95
2841,90,70,80
2842,70,30,80
2843,85,90,80
2844,85,70,90
2845,85,70,90
2846,95,80,100
2847,90,85,80
2848,70,60,80
2849,85,70,90
2850,75,80,70
2851,75,60,80
2852,85,80,90
2853,70,60,80
2854,85,70,90
2855,85,60,75
2856,80,70,60
2857,70,50,80
2858,75,40,90
2859,70,85,60
2860,70,60,80
2861,75,70,80
2862,75,80,90
2863,70,40,85
2864,70,60,80
2865,85,75,90
2866,90,80,85
2867,85,60,75
2868,75,40,90
2869,75,55,80
2870,85,70,80
2871,75,20,80
2872,70,50,80
2873,85,65,90
2874,90,95,85
2875,85,90,80
2876,85,70,90
2877,90,70,100
2878,85,70,90
2879,85,60,90
2880,85,75,80
2881,70,60,80
2882,75,80,85
2883,80,60,90
2884,85,70,90
2885,85,70,90
2886,80,65,90
2887,75,60,50
2888,65,40,80
2889,60,70,80
2890,75,60,40
2891,85,80,90
2892,85,70,90
2893,70,60,80
2894,90,70,85
2895,70,50,80
2896,90,85,80
2897,70,55,80
2898,65,30,80
2899,85,70,90
2900,85,70,90
2901,75,50,80
2902,60,70,55
2903,75,85,80
2904,85,70,90
2905,65,80,70
2906,65,75,90
2907,75,50,90
2908,85,75,80
2909,85,70,90
2910,85,90,80
2911,85,70,90
2912,85,70,80
2913,75,60,85
2914,75,40,60
2915,85,70,90
2916,50,60,80
2917,85,70,90
2918,85,70,90
2919,75,50,80
2920,85,70,95
2921,80,60,90
2922,70,80,90
2923,85,70,75
2924,75,80,85
2925,65,45,85
2926,85,80,90
2927,65,50,75
2928,60,40,80
2929,85,90,95
2930,70,60,80
2931,80,65,90
2932,85,80,90
2933,75,50,60
2934,75,60,80
2935,65,40,55
2936,75,85,90
2937,85,90,75
2938,75,50,70
2939,85,75,90
2940,65,40,75
2941,85,60,90
2942,75,60,80
2943,85,70,90
2944,75,60,80
2945,70,60,80
2946,70,40,85
2947,85,60,100
2948,60,40,80
2949,75,65,80
2950,70,50,60
2951,90,80,95
2952,85,70,80
2953,80,65,85
2954,70,80,90
2955,85,80,70
2956,75,50,80
2957,65,70,75
2958,60,30,80
2959,70,80,60
2960,85,60,90
2961,70,60,80
2962,90,75,95
2963,85,70,90
2964,85,80,90
2965,75,60,80
2966,75,60,85
2967,60,70,40
2968,70,60,80
2969,85,70,90
2970,85,70,90
2971,70,60,80
2972,60,40,70
2973,55,70,80
2974,75,60,85
2975,75,60,45
2976,75,60,85
2977,70,85,90
2978,90,80,95
2979,85,80,90
2980,70,50,80
2981,85,90,90
2982,85,70,90
2983,85,70,60
2984,75,60,85
2985,85,60,90
2986,85,70,90
2987,80,70,90
2988,75,60,85
2989,75,80,90
2990,85,60,90
2991,90,70,100
2992,80,85,75
2993,80,50,90
2994,65,40,75
2995,75,60,90
2996,82,75,88
2997,85,70,90
2998,60,75,80
2999,70,60,80
3000,70,60,80
3001,80,90,70
3002,75,60,85
3003,75,85,90
3004,70,80,90
3005,85,50,95
3006,70,30,80
3007,70,50,80
3008,70,50,80
3009,85,75,90
3010,75,90,85
3011,90,70,80
3012,85,90,75
3013,90,85,95
3014,80,70,90
3015,85,80,90
3016,80,70,90
3017,85,70,90
3018,85,70,90
3019,85,70,90
3020,90,60,100
3021,85,70,90
3022,80,50,90
3023,85,70,90
3024,80,60,90
3025,75,40,80
3026,85,60,95
3027,75,60,80
3028,85,70,80
3029,85,75,90
3030,75,40,90
3031,70,75,85
3032,82,75,90
3033,75,50,85
3034,85,90,95
3035,85,90,95
3036,85,70,90
3037,70,50,80
3038,80,70,90
3039,85,90,92
3040,70,75,80
3041,75,85,90
3042,85,90,88
3043,85,70,90
3044,85,80,90
3045,80,50,70
3046,70,60,80
3047,65,50,80
3048,90,80,70
3049,75,60,85
3050,85,70,75
3051,70,50,80
3052,85,70,90
3053,70,80,90
3054,90,70,95
3055,85,75,90
3056,85,60,90
3057,85,70,90
3058,70,80,90
3059,85,40,90
3060,70,30,85
3061,70,50,85
3062,85,90,80
3063,85,70,90
3064,85,70,90
3065,85,70,90
3066,85,75,90
3067,80,60,90
3068,65,40,80
3069,80,60,90
3070,75,60,85
3071,70,40,80
3072,85,80,90
3073,70,60,80
3074,75,60,90
3075,65,40,80
3076,75,60,90
3077,85,70,90
3078,75,50,80
3079,85,70,90
3080,50,60,70
3081,85,70,90
3082,75,50,85
3083,70,60,80
3084,50,30,40
3085,70,60,80
3086,75,50,85
3087,70,40,80
3088,65,75,60
3089,65,50,70
3090,70,45,80
3091,80,60,90
3092,85,70,90
3093,70,60,80
3094,80,70,90
3095,75,60,80
3096,85,90,75
3097,80,70,85
3098,85,70,95
3099,70,45,80
3100,85,80,90
3101,75,50,90
3102,80,70,90
3103,85,70,90
3104,40,30,50
3105,75,60,90
3106,85,75,90
3107,85,70,80
3108,75,80,90
3109,85,75,90
3110,80,60,90
3111,70,60,50
3112,75,60,90
3113,70,80,90
3114,85,60,90
3115,80,50,90
3116,75,60,80
3117,85,70,90
3118,90,85,95
3119,75,30,85
3120,75,40,90
3121,90,70,85
3122,60,70,80
3123,85,70,90
3124,85,70,90
3125,85,70,90
3126,80,60,85
3127,45,60,30
3128,85,70,90
3129,85,80,90
3130,85,60,90
3131,85,60,95
3132,85,70,95
3133,85,75,90
3134,85,70,90
3135,85,75,90
3136,75,80,90
3137,75,60,85
3138,60,70,80
3139,85,75,90
3140,90,85,95
3141,55,20,70
3142,85,70,90
3143,75,80,70
3144,75,60,85
3145,70,60,80
3146,90,75,95
3147,70,50,85
3148,90,70,100
3149,70,50,80
3150,85,90,95
3151,85,75,90
3152,60,70,80
3153,65,70,85
3154,70,50,80
3155,85,70,90
3156,85,90,80
3157,70,60,80
3158,85,60,90
3159,90,60,95
3160,85,70,90
3161,85,70,90
3162,85,75,90
3163,60,40,75
3164,70,60,80
3165,85,80,90
3166,70,60,80
3167,85,90,95
3168,85,70,80
3169,70,60,75
3170,85,70,90
3171,85,70,60
3172,70,50,80
3173,85,95,70
3174,85,90,90
3175,85,70,80
3176,85,70,90
3177,65,70,45
3178,80,70,85
3179,65,82,75
3180,70,80,60
3181,75,60,80
3182,80,90,95
3183,65,20,80
3184,85,80,90
3185,65,75,80
3186,80,60,85
3187,75,85,90
3188,85,60,90
3189,75,50,65
3190,85,75,90
3191,85,70,90
3192,60,40,70
3193,70,60,75
3194,90,70,95
3195,85,72,78
3196,70,50,80
3197,85,90,80
3198,70,80,90
3199,70,75,80
3200,85,90,80
3201,85,70,90
3202,85,70,95
3203,75,80,85
3204,70,50,80
3205,85,70,95
3206,85,60,95
3207,70,60,75
3208,80,70,90
3209,75,70,80
3210,75,60,80
3211,85,70,80
3212,85,60,90
3213,60,45,25
3214,70,80,90
3215,80,60,90
3216,85,80,90
3217,85,90,95
3218,85,90,80
3219,85,70,90
3220,60,75,85
3221,75,85,80
3222,70,80,90
3223,70,50,80
3224,70,50,90
3225,85,90,95
3226,90,80,95
3227,60,70,80
3228,85,70,90
3229,80,65,90
3230,70,60,50
3231,85,60,90
3232,85,70,90
3233,75,60,85
3234,85,70,90
3235,85,70,90
3236,80,65,85
3237,75,60,85
3238,70,80,90
3239,70,75,85
3240,60,10,45
3241,65,50,75
3242,85,60,90
3243,85,70,90
3244,75,60,85
3245,60,20,40
3246,80,70,90
3247,85,70,90
3248,80,85,90
3249,80,60,90
3250,85,70,90
3251,85,75,90
3252,70,50,80
3253,75,60,90
3254,80,70,75
3255,70,80,90
3256,70,50,80
3257,85,70,80
3258,50,40,60
3259,85,70,90
3260,80,70,90
3261,65,40,75
3262,85,75,90
3263,75,10,50
3264,75,60,85
3265,85,70,90
3266,85,70,90
3267,75,40,90
3268,85,90,95
3269,85,70,90
3270,85,70,80
3271,85,60,70
3272,85,70,90
3273,85,78,90
3274,90,75,85
3275,85,70,90
3276,80,85,90
3277,70,80,60
3278,85,70,90
3279,70,50,80
3280,85,60,75
3281,70,50,80
3282,85,70,90
3283,85,75,90
3284,70,60,80
3285,75,60,90
3286,85,70,90
3287,75,60,80
3288,85,90,80
3289,80,70,90
3290,70,60,80
3291,85,90,80
3292,80,60,85
3293,85,70,90
3294,70,60,80
3295,70,60,80
3296,80,40,90
3297,65,75,85
3298,70,60,75
3299,85,70,90
3300,85,75,90
3301,70,80,90
3302,80,90,85
3303,85,80,90
3304,85,70,90
3305,85,60,90
3306,90,80,85
3307,90,70,85
3308,70,60,80
3309,85,60,90
3310,85,75,90
3311,75,60,85
3312,85,75,95
3313,75,50,90
3314,75,60,85
3315,65,40,75
3316,70,80,60
3317,80,60,90
3318,95,90,100
3319,75,60,85
3320,85,78,92
3321,85,70,90
3322,70,50,80
3323,85,70,90
3324,85,90,80
3325,85,70,80
3326,85,75,90
3327,90,80,85
3328,65,72,78
3329,70,50,80
3330,85,70,90
3331,70,80,90
3332,90,75,85
3333,75,60,80
3334,60,45,85
3335,60,75,50
3336,85,75,90
3337,75,60,70
3338,70,60,80
3339,85,75,80
3340,90,70,95
3341,75,60,85
3342,70,80,85
3343,85,70,90
3344,85,70,75
3345,60,70,80
3346,85,70,90
3347,72,56,84
3348,70,40,85
3349,75,50,85
3350,70,50,80
3351,83,60,90
3352,80,70,85
3353,85,70,90
3354,85,70,90
3355,85,65,90
3356,70,50,80
3357,85,70,90
3358,85,70,90
3359,80,70,90
3360,85,90,80
3361,70,80,90
3362,90,80,95
3363,70,60,80
3364,80,60,90
3365,70,80,90
3366,65,45,80
3367,80,70,85
3368,80,85,90
3369,85,75,90
3370,75,60,85
3371,70,85,90
3372,85,70,90
3373,75,60,85
3374,75,50,90
3375,70,60,50
3376,85,75,90
3377,70,40,80
3378,80,75,85
3379,85,90,80
3380,80,85,90
3381,85,70,90
3382,90,85,90
3383,80,60,85
3384,70,80,85
3385,85,70,90
3386,85,60,90
3387,75,50,85
3388,85,70,90
3389,75,60,80
3390,75,60,80
3391,85,90,80
3392,75,50,90
3393,70,50,80
3394,65,50,80
3395,85,90,90
3396,70,40,85
3397,90,20,85
3398,80,90,95
3399,85,70,90
3400,90,70,95
3401,85,80,75
3402,60,40,50
3403,90,85,95
3404,85,60,90
3405,85,70,90
3406,75,85,80
3407,85,50,90
3408,85,90,75
3409,75,80,65
3410,75,60,80
3411,70,55,80
3412,70,60,80
3413,90,80,85
3414,85,70,90
3415,85,70,90
3416,75,40,85
3417,70,80,65
3418,70,50,80
3419,80,70,85
3420,85,80,90
3421,85,70,90
3422,85,90,95
3423,85,70,95
3424,75,50,85
3425,80,60,90
3426,75,80,85
3427,85,75,90
3428,75,60,80
3429,85,70,80
3430,85,60,90
3431,70,80,60
3432,70,40,85
3433,70,85,90
3434,85,80,90
3435,70,60,85
3436,85,70,90
3437,85,80,90
3438,75,60,90
3439,85,60,90
3440,85,60,90
3441,85,70,95
3442,75,60,90
3443,85,90,80
3444,70,50,80
3445,90,85,95
3446,65,50,75
3447,70,10,80
3448,75,60,85
3449,90,80,85
3450,60,55,65
3451,90,75,95
3452,85,80,90
3453,75,70,80
3454,85,75,90
3455,75,40,85
3456,75,80,85
3457,85,70,90
3458,70,80,90
3459,75,50,80
3460,85,90,95
3461,78,60,85
3462,70,55,60
3463,60,30,80
3464,85,70,90
3465,65,50,75
3466,85,75,90
3467,85,50,90
3468,75,60,80
3469,80,85,75
3470,70,40,85
3471,70,80,60
3472,85,70,90
3473,75,60,85
3474,85,70,90
3475,70,60,85
3476,85,80,90
3477,85,75,90
3478,85,70,90
3479,85,75,90
3480,85,75,90
3481,70,80,90
3482,85,75,90
3483,65,40,75
3484,70,60,80
3485,70,80,90
3486,85,80,90
3487,95,90,100
3488,65,20,80
3489,75,60,80
3490,75,80,90
3491,75,60,85
3492,60,40,75
3493,70,85,80
3494,80,60,70
3495,85,75,90
3496,85,70,90
3497,70,20,85
3498,70,80,90
3499,85,50,90
3500,70,60,80
3501,80,70,85
3502,75,40,60
3503,85,70,80
3504,75,80,85
3505,70,50,85
3506,75,60,80
3507,85,70,90
3508,85,70,90
3509,65,75,80
3510,70,50,80
3511,70,50,85
3512,85,70,90
3513,75,80,90
3514,85,75,90
3515,75,50,80
3516,75,50,85
3517,75,60,85
3518,85,65,90
3519,85,70,90
3520,65,30,90
3521,65,40,80
3522,40,60,30
3523,85,70,100
3524,85,70,90
3525,85,70,90
3526,85,90,70
3527,75,60,85
3528,85,80,90
3529,90,80,95
3530,75,60,85
3531,80,60,90
3532,85,90,80
3533,70,40,85
3534,85,70,78
3535,85,70,90
3536,70,40,85
3537,75,50,90
3538,85,70,90
3539,70,50,80
3540,75,60,85
3541,70,60,80
3542,80,90,70
3543,90,75,85
3544,85,70,90
3545,75,40,85
3546,85,70,90
3547,65,50,80
3548,70,30,85
3549,60,75,80
3550,60,20,70
3551,90,85,95
3552,85,60,90
3553,85,75,90
3554,85,60,75
3555,75,80,85
3556,80,60,90
3557,70,60,80
3558,85,60,75
3559,70,60,80
3560,70,80,90
3561,85,90,80
3562,85,75,80
3563,70,50,85
3564,70,60,80
3565,85,70,80
3566,70,85,80
3567,85,70,90
3568,75,60,80
3569,85,80,70
3570,85,60,90
3571,85,70,90
3572,70,75,80
3573,75,60,85
3574,70,60,80
3575,85,70,90
3576,75,60,85
3577,70,50,80
3578,85,70,90
3579,70,80,85
3580,85,70,90
3581,85,90,80
3582,70,60,80
3583,85,70,90
3584,70,50,80
3585,75,65,80
3586,70,60,75
3587,80,70,90
3588,75,80,85
3589,60,20,80
3590,80,90,75
3591,85,70,95
3592,70,45,80
3593,90,85,95
3594,80,70,90
3595,80,70,90
3596,80,60,85
3597,80,60,90
3598,70,80,60
3599,85,75,90
3600,70,60,80
3601,85,70,90
3602,70,85,60
3603,70,50,80
3604,75,80,90
3605,85,80,90
3606,85,90,95
3607,85,70,90
3608,85,70,90
3609,75,60,80
3610,65,70,40
3611,90,70,100
3612,85,80,90
3613,80,60,90
3614,85,75,90
3615,75,60,85
3616,85,60,95
3617,70,60,80
3618,60,75,80
3619,85,75,90
3620,70,75,85
3621,90,85,88
3622,70,60,80
3623,80,70,90
3624,85,60,90
3625,75,85,80
3626,85,90,75
3627,85,50,70
3628,85,70,90
3629,65,50,75
3630,75,80,60
3631,85,90,80
3632,75,80,90
3633,75,80,85
3634,70,50,80
3635,85,90,80
3636,85,70,90
3637,50,60,70
3638,60,40,80
3639,70,60,75
3640,90,85,95
3641,85,60,75
3642,80,90,85
3643,70,60,80
3644,85,70,90
3645,85,70,90
3646,85,80,75
3647,70,60,80
3648,70,75,85
3649,75,50,80
3650,85,80,90
3651,70,60,80
3652,85,70,90
3653,70,50,85
3654,85,75,90
3655,90,85,95
3656,80,70,85
3657,60,40,70
3658,65,50,75
3659,60,70,50
3660,70,50,80
3661,85,70,90
3662,90,60,100
3663,85,90,95
3664,60,40,75
3665,85,70,90
3666,85,70,90
3667,85,90,95
3668,60,40,70
3669,70,50,85
3670,88,75,92
3671,70,60,80
3672,75,60,80
3673,50,60,70
3674,85,60,90
3675,85,90,95
3676,85,70,90
3677,70,60,80
3678,75,60,80
3679,85,90,95
3680,60,75,80
3681,85,70,90
3682,60,75,40
3683,75,80,70
3684,70,60,80
3685,70,80,60
3686,60,45,70
3687,85,70,80
3688,80,65,90
3689,70,50,80
3690,85,70,90
3691,75,50,70
3692,75,60,85
3693,75,60,90
3694,85,80,90
3695,85,80,90
3696,75,60,80
3697,75,60,90
3698,85,70,90
3699,95,70,100
3700,75,60,80
3701,90,95,100
3702,70,40,80
3703,85,70,90
3704,70,75,80
3705,85,70,90
3706,85,70,90
3707,75,40,80
3708,85,80,90
3709,85,90,80
3710,85,70,90
3711,85,70,90
3712,85,70,90
3713,85,70,90
3714,85,90,95
3715,85,75,90
3716,85,90,75
3717,75,80,85
3718,75,60,90
3719,65,50,90
3720,70,40,85
3721,70,80,90
3722,75,60,85
3723,90,70,80
3724,90,75,95
3725,75,60,90
3726,85,70,90
3727,70,40,60
3728,90,80,95
3729,70,50,60
3730,85,70,60
3731,70,60,85
3732,75,60,80
3733,65,70,80
3734,85,70,90
3735,65,50,80
3736,70,60,80
3737,78,85,60
3738,70,50,80
3739,70,40,60
3740,85,75,90
3741,90,95,100
3742,75,60,85
3743,95,70,90
3744,85,70,90
3745,85,70,90
3746,85,70,90
3747,85,75,90
3748,85,90,95
3749,65,75,80
3750,60,40,80
3751,90,85,90
3752,80,60,90
3753,85,70,90
3754,65,40,80
3755,60,70,80
3756,80,40,90
3757,85,70,90
3758,60,50,70
3759,70,80,85
3760,75,80,85
3761,80,50,70
3762,90,95,85
3763,85,90,90
3764,85,70,90
3765,85,72,95
3766,75,50,85
3767,75,60,85
3768,85,70,90
3769,85,70,90
3770,75,45,90
3771,75,60,40
3772,70,50,80
3773,85,90,95
3774,85,75,90
3775,85,75,90
3776,70,80,50
3777,70,55,75
3778,85,90,95
3779,85,75,90
3780,85,90,70
3781,70,60,50
3782,70,50,80
3783,85,70,90
3784,70,50,80
3785,70,60,80
3786,70,50,80
3787,85,90,95
3788,80,60,90
3789,90,85,95
3790,85,70,90
3791,70,50,90
3792,70,80,50
3793,75,50,85
3794,80,60,90
3795,85,80,90
3796,85,60,90
3797,70,80,60
3798,90,80,85
3799,80,70,75
3800,85,70,90
3801,75,80,90
3802,70,65,80
3803,85,60,75
3804,60,30,70
3805,75,60,80
3806,75,65,80
3807,60,40,50
3808,85,70,90
3809,85,70,90
3810,65,45,85
3811,75,60,85
3812,70,80,85
3813,72,65,85
3814,75,85,80
3815,85,70,90
3816,85,90,75
3817,70,50,60
3818,85,75,90
3819,85,75,90
3820,85,90,95
3821,80,60,90
3822,85,70,90
3823,60,50,40
3824,85,70,90
3825,85,90,80
3826,90,60,80
3827,85,70,90
3828,90,85,95
3829,75,60,85
3830,85,70,90
3831,90,60,85
3832,85,70,90
3833,75,80,85
3834,85,45,90
3835,75,60,90
3836,85,70,90
3837,85,75,95
3838,85,70,90
3839,75,80,90
3840,75,60,85
3841,70,60,80
3842,80,70,90
3843,75,85,60
3844,90,80,85
3845,80,85,70
3846,70,60,80
3847,85,75,90
3848,70,50,80
3849,85,75,90
3850,70,60,80
3851,75,60,85
3852,75,60,80
3853,70,60,80
3854,70,60,80
3855,70,30,60
3856,70,40,80
3857,85,70,90
3858,85,60,90
3859,70,80,85
3860,75,40,85
3861,85,60,90
3862,70,80,90
3863,75,65,80
3864,70,50,70
3865,85,80,90
3866,85,70,90
3867,85,90,75
3868,60,75,80
3869,85,70,90
3870,40,45,60
3871,75,40,80
3872,60,70,50
3873,70,40,85
3874,75,50,80
3875,60,75,80
3876,75,60,80
3877,70,50,80
3878,75,40,85
3879,75,60,85
3880,75,60,80
3881,80,65,90
3882,75,60,85
3883,85,80,90
3884,80,50,85
3885,85,55,90
3886,85,70,80
3887,75,80,60
3888,85,60,90
3889,90,80,95
3890,85,70,90
3891,85,80,90
3892,85,75,90
3893,50,20,70
3894,85,90,95
3895,65,40,80
3896,75,50,85
3897,60,70,50
3898,65,40,75
3899,75,50,80
3900,70,80,60
3901,85,90,80
3902,85,90,80
3903,85,60,90
3904,80,60,90
3905,75,80,60
3906,90,85,95
3907,85,80,90
3908,85,50,90
3909,75,60,85
3910,70,80,90
3911,75,80,90
3912,80,65,85
3913,65,75,80
3914,70,60,75
3915,75,50,85
3916,85,70,90
3917,75,60,80
3918,60,40,70
3919,75,60,85
3920,75,50,90
3921,75,20,85
3922,70,80,75
3923,75,80,85
3924,90,85,95
3925,85,90,92
3926,85,70,90
3927,75,60,85
3928,85,90,80
3929,75,80,70
3930,80,60,90
3931,60,70,40
3932,80,60,85
3933,85,80,90
3934,70,80,60
3935,85,70,90
3936,85,70,90
3937,80,90,95
3938,75,60,85
3939,85,70,90
3940,85,70,60
3941,85,80,90
3942,85,70,90
3943,80,70,90
3944,85,70,90
3945,70,60,50
3946,85,75,90
3947,85,70,90
3948,85,60,75
3949,85,90,70
3950,75,60,80
3951,60,40,70
3952,70,80,60
3953,85,70,90
3954,85,50,90
3955,60,40,75
3956,75,80,90
3957,85,70,90
3958,72,55,80
3959,85,70,90
3960,70,60,80
3961,85,90,95
3962,85,80,90
3963,70,80,90
3964,70,55,80
3965,90,80,85
3966,65,80,70
3967,85,75,90
3968,85,70,90
3969,65,40,85
3970,80,70,90
3971,65,50,75
3972,85,80,90
3973,85,70,65
3974,85,90,95
3975,85,50,90
3976,70,40,80
3977,75,85,90
3978,90,80,95
3979,70,40,10
3980,80,75,85
3981,85,70,60
3982,95,80,90
3983,88,92,95
3984,85,65,90
3985,75,60,80
3986,75,60,85
3987,75,85,90
3988,85,70,90
3989,80,70,90
3990,85,75,90
3991,75,60,85
3992,85,70,90
3993,85,70,90
3994,70,50,75
3995,65,40,80
3996,80,70,85
3997,75,50,80
3998,70,60,80
3999,75,70,85
4000,70,50,80
4001,85,70,90
4002,90,85,95
4003,85,70,90
4004,85,70,90
4005,90,70,95
4006,70,60,80
4007,85,80,90
4008,70,40,80
4009,70,40,85
4010,75,50,90
4011,65,60,70
4012,85,80,90
4013,90,85,95
4014,85,75,90
4015,85,70,60
4016,75,80,85
4017,85,60,90
4018,85,70,90
4019,70,60,80
4020,85,60,90
4021,85,75,90
4022,70,55,80
4023,85,70,90
4024,75,60,85
4025,80,70,90
4026,85,70,90
4027,85,70,90
4028,75,80,85
4029,70,40,80
4030,85,90,95
4031,85,70,90
4032,75,60,85
4033,85,70,90
4034,80,70,85
4035,85,70,60
4036,85,70,90
4037,75,80,90
4038,85,60,90
4039,85,70,90
4040,75,60,80
4041,75,80,90
4042,75,40,85
4043,85,70,90
4044,85,70,90
4045,85,60,90
4046,85,70,90
4047,85,70,90
4048,70,50,60
4049,75,80,80
4050,75,80,90
4051,85,75,90
4052,85,90,95
4053,75,60,85
4054,85,60,90
4055,85,70,90
4056,85,60,90
4057,85,70,90
4058,85,75,90
4059,85,75,90
4060,85,75,90
4061,90,80,85
4062,75,60,85
4063,85,70,90
4064,90,70,85
4065,85,80,90
4066,80,60,90
4067,65,40,80
4068,70,60,80
4069,75,85,60
4070,85,70,90
4071,75,80,90
4072,70,40,80
4073,85,70,90
4074,85,70,60
4075,85,70,90
4076,90,85,95
4077,70,60,80
4078,85,70,90
4079,75,80,85
4080,70,40,85
4081,75,60,85
4082,70,20,80
4083,85,70,90
4084,75,10,90
4085,65,60,75
4086,80,85,90
4087,80,70,90
4088,85,60,90
4089,85,90,95
4090,75,80,85
4091,70,60,80
4092,85,70,90
4093,85,75,90
4094,90,85,95
4095,85,80,90
4096,75,50,80
4097,85,70,90
4098,85,70,90
4099,75,50,80
4100,75,60,80
4101,80,60,90
4102,75,80,90
4103,85,70,75
4104,80,70,90
4105,85,30,90
4106,75,80,90
4107,70,60,80
4108,85,90,80
4109,70,80,90
4110,75,80,85
4111,75,50,85
4112,50,30,40
4113,85,70,90
4114,75,20,85
4115,75,50,90
4116,75,80,70
4117,85,75,90
4118,85,75,90
4119,60,75,80
4120,85,70,90
4121,75,80,85
4122,70,40,80
4123,85,70,75
4124,75,60,90
4125,90,85,95
4126,85,75,90
4127,85,70,90
4128,75,60,85
4129,60,40,50
4130,75,60,85
4131,85,80,90
4132,90,85,95
4133,75,60,85
4134,75,60,85
4135,75,50,80
4136,85,70,90
4137,85,70,90
4138,85,70,90
4139,60,70,80
4140,75,80,60
4141,70,80,60
4142,85,60,90
4143,75,60,90
4144,75,40,85
4145,75,60,85
4146,85,70,95
4147,70,60,80
4148,85,70,90
4149,75,50,80
4150,80,60,85
4151,85,70,90
4152,85,70,90
4153,90,75,95
4154,85,90,80
4155,75,60,85
4156,70,60,50
4157,65,40,80
4158,70,50,80
4159,75,50,40
4160,80,70,90
4161,70,60,85
4162,70,50,80
4163,75,50,80
4164,90,80,85
4165,70,85,60
4166,85,80,90
4167,60,50,70
4168,70,60,75
4169,70,60,85
4170,85,60,90
4171,75,80,90
4172,70,60,80
4173,80,60,90
4174,85,80,90
4175,85,70,80
4176,85,70,90
4177,65,50,75
4178,70,60,80
4179,85,70,90
4180,85,80,90
4181,70,80,90
4182,70,60,75
4183,85,70,90
4184,85,70,90
4185,75,80,85
4186,75,80,65
4187,85,90,80
4188,85,70,90
4189,70,40,80
4190,70,20,50
4191,85,90,80
4192,80,70,90
4193,85,90,80
4194,70,60,90
4195,75,60,85
4196,75,60,80
4197,80,90,85
4198,75,60,90
4199,70,50,80
4200,85,90,95
4201,85,60,75
4202,65,70,75
4203,65,80,70
4204,85,70,90
4205,85,70,90
4206,85,75,90
4207,75,82,90
4208,75,60,85
4209,85,70,90
4210,85,40,90
4211,85,70,90
4212,75,60,90
4213,75,60,85
4214,85,70,90
4215,70,50,65
4216,70,60,80
4217,75,60,40
4218,85,75,90
4219,85,90,70
4220,85,70,90
4221,80,70,85
4222,85,60,90
4223,85,70,60
4224,70,50,85
4225,85,60,70
4226,90,85,95
4227,85,75,90
4228,90,60,95
4229,85,80,90
4230,70,50,85
4231,85,70,90
4232,70,60,80
4233,75,50,80
4234,75,50,85
4235,70,40,80
4236,75,85,90
4237,85,75,90
4238,75,20,90
4239,80,65,90
4240,60,75,45
4241,90,85,95
4242,85,75,90
4243,75,60,80
4244,80,70,85
4245,90,85,95
4246,75,60,85
4247,85,70,90
4248,85,70,90
4249,85,70,90
4250,90,85,95
4251,70,20,50
4252,85,70,90
4253,90,85,95
4254,85,90,80
4255,85,70,90
4256,75,80,85
4257,90,80,85
4258,75,60,85
4259,75,80,90
4260,85,70,90
4261,75,80,85
4262,85,90,95
4263,75,80,90
4264,75,60,80
4265,50,20,70
4266,85,90,75
4267,65,50,80
4268,85,60,90
4269,65,70,75
4270,75,60,80
4271,85,70,90
4272,80,70,85
4273,85,70,90
4274,85,70,90
4275,90,70,90
4276,70,50,80
4277,85,70,90
4278,70,60,80
4279,85,70,90
4280,85,75,90
4281,75,60,85
4282,85,70,95
4283,82,70,89
4284,85,70,90
4285,90,95,85
4286,80,70,90
4287,85,90,80
4288,85,75,90
4289,90,70,95
4290,85,80,90
4291,75,50,80
4292,70,40,80
4293,90,80,95
4294,60,75,85
4295,85,70,90
4296,85,70,90
4297,85,70,90
4298,85,60,90
4299,70,60,80
4300,85,90,75
4301,70,30,85
4302,75,65,82
4303,90,50,95
4304,80,70,90
4305,70,80,90
4306,80,60,90
4307,70,50,80
4308,90,80,90
4309,70,50,85
4310,85,70,90
4311,85,70,90
4312,75,80,85
4313,85,70,90
4314,70,60,80
4315,80,60,75
4316,85,80,90
4317,85,90,95
4318,85,80,90
4319,80,60,90
4320,75,60,85
4321,60,40,75
4322,75,50,60
4323,70,20,90
4324,85,70,90
4325,70,40,90
4326,75,30,85
4327,70,50,80
4328,85,75,90
4329,85,70,95
4330,75,65,90
4331,75,60,80
4332,85,70,90
4333,85,70,90
4334,70,60,75
4335,70,60,80
4336,85,70,90
4337,80,60,85
4338,85,70,90
4339,70,80,90
4340,85,70,90
4341,85,70,80
4342,70,50,80
4343,70,60,80
4344,85,90,80
4345,85,80,90
4346,75,90,80
4347,90,85,95
4348,85,70,90
4349,70,50,80
4350,90,85,95
4351,75,50,85
4352,70,40,85
4353,75,80,85
4354,75,55,65
4355,70,50,60
4356,70,85,90
4357,60,40,80
4358,85,70,90
4359,85,70,90
4360,70,40,85
4361,75,80,90
4362,80,70,90
4363,60,50,70
4364,70,60,50
4365,85,20,90
4366,75,60,85
4367,85,70,90
4368,75,60,80
4369,75,50,90
4370,85,70,90
4371,85,75,90
4372,85,70,90
4373,85,70,90
4374,85,70,90
4375,85,70,80
4376,70,60,80
4377,85,70,90
4378,70,60,80
4379,85,80,90
4380,70,50,80
4381,70,60,80
4382,85,70,90
4383,75,80,90
4384,75,80,85
4385,85,70,90
4386,60,30,80
4387,85,70,90
4388,80,70,90
4389,85,70,90
4390,85,90,80
4391,70,40,60
4392,85,75,90
4393,85,75,80
4394,85,70,90
4395,85,70,90
4396,90,85,88
4397,85,90,75
4398,85,90,80
4399,85,90,80
4400,85,80,75
4401,70,65,80
4402,75,60,85
4403,90,85,95
4404,70,50,80
4405,70,80,90
4406,80,70,90
4407,85,70,80
4408,75,50,90
4409,90,80,95
4410,75,60,80
4411,80,70,90
4412,80,70,90
4413,70,40,80
4414,70,80,60
4415,85,75,90
4416,80,70,60
4417,70,50,80
4418,85,70,90
4419,85,60,90
4420,75,80,65
4421,85,80,90
4422,90,80,95
4423,85,90,90
4424,80,70,85
4425,75,80,90
4426,90,75,85
4427,70,50,80
4428,85,60,90
4429,70,60,75
4430,90,85,95
4431,85,70,90
4432,85,60,90
4433,90,85,95
4434,85,70,90
4435,60,10,75
4436,85,70,60
4437,85,75,90
4438,85,90,80
4439,70,80,90
4440,65,70,80
4441,75,50,85
4442,70,50,85
4443,70,40,85
4444,85,70,90
4445,75,70,85
4446,65,70,80
4447,70,60,80
4448,60,70,85
4449,85,70,90
4450,70,55,80
4451,70,85,80
4452,85,90,95
4453,90,85,95
4454,75,60,85
4455,85,70,90
4456,85,70,90
4457,85,70,90
4458,75,60,85
4459,80,70,90
4460,85,90,90
4461,85,70,90
4462,85,65,90
4463,75,80,90
4464,70,60,40
4465,70,60,80
4466,85,70,90
4467,70,60,80
4468,85,90,70
4469,75,60,85
4470,75,85,90
4471,60,50,80
4472,85,75,90
4473,90,80,100
4474,85,75,80
4475,85,75,90
4476,85,70,90
4477,85,70,90
4478,85,70,90
4479,85,75,90
4480,70,50,80
4481,85,70,90
4482,60,70,75
4483,75,80,90
4484,80,50,60
4485,75,50,85
4486,85,75,90
4487,70,80,60
4488,80,90,85
4489,70,20,90
4490,75,50,80
4491,85,75,90
4492,85,60,90
4493,90,85,95
4494,85,70,90
4495,65,50,75
4496,70,60,80
4497,70,55,80
4498,70,50,80
4499,85,70,90
4500,85,70,80
4501,71,64,79
4502,85,70,90
4503,85,90,80
4504,90,75,85
4505,60,40,75
4506,75,40,85
4507,80,70,85
4508,70,60,80
4509,70,60,80
4510,80,65,75
4511,75,60,85
4512,85,75,90
4513,85,70,90
4514,70,50,80
4515,83,75,80
4516,85,90,95
4517,85,75,90
4518,75,50,85
4519,75,60,80
4520,85,70,90
4521,75,60,90
4522,85,70,90
4523,85,75,90
4524,85,70,60
4525,75,80,90
4526,75,60,80
4527,85,70,90
4528,70,40,85
4529,85,70,90
4530,85,90,90
4531,85,70,60
4532,70,60,80
4533,85,90,75
4534,85,70,90
4535,85,70,60
4536,70,60,80
4537,85,75,90
4538,80,50,90
4539,85,75,90
4540,70,40,80
4541,85,65,90
4542,70,40,80
4543,60,40,75
4544,85,60,90
4545,80,65,90
4546,60,40,80
4547,90,85,90
4548,85,70,90
4549,70,75,80
4550,70,80,85
4551,85,40,60
4552,70,50,80
4553,70,80,60
4554,75,60,80
4555,90,85,95
4556,70,50,60
4557,70,80,90
4558,40,65,75
4559,85,80,90
4560,85,70,90
4561,85,70,90
4562,85,80,90
4563,70,50,60
4564,70,90,20
4565,85,80,90
4566,70,60,80
4567,70,40,85
4568,75,60,85
4569,90,60,100
4570,70,60,80
4571,70,80,60
4572,80,70,90
4573,75,50,90
4574,85,70,90
4575,70,60,50
4576,70,80,60
4577,80,70,90
4578,70,40,80
4579,60,40,80
4580,85,70,75
4581,75,50,60
4582,65,40,75
4583,70,50,60
4584,65,55,80
4585,90,70,95
4586,60,40,50
4587,60,50,70
4588,85,50,90
4589,70,30,60
4590,75,80,85
4591,80,90,95
4592,70,50,80
4593,85,60,90
4594,80,70,90
4595,75,60,90
4596,70,50,90
4597,75,60,85
4598,85,90,95
4599,70,50,80
4600,90,75,60
4601,75,50,90
4602,85,70,90
4603,70,60,80
4604,85,70,90
4605,70,60,80
4606,75,85,80
4607,85,75,90
4608,90,40,100
4609,65,50,75
4610,75,80,90
4611,75,50,85
4612,70,60,80
4613,55,40,70
4614,70,80,60
4615,70,45,60
4616,85,70,90
4617,75,60,80
4618,75,60,85
4619,85,50,90
4620,85,75,95
4621,85,90,80
4622,85,70,95
4623,85,40,90
4624,75,50,85
4625,85,70,90
4626,75,60,90
4627,70,50,80
4628,80,70,85
4629,85,60,45
4630,85,90,95
4631,85,90,80
4632,85,90,80
4633,90,80,85
4634,85,90,95
4635,70,60,80
4636,70,60,75
4637,80,90,85
4638,60,40,80
4639,75,60,85
4640,85,70,90
4641,75,50,85
4642,85,90,80
4643,75,50,90
4644,85,80,90
4645,85,90,95
4646,80,70,90
4647,70,55,80
4648,85,70,90
4649,85,70,90
4650,80,70,90
4651,70,60,75
4652,75,60,90
4653,85,70,90
4654,80,85,70
4655,85,70,90
4656,85,90,75
4657,65,70,80
4658,85,90,80
4659,75,80,90
4660,70,60,75
4661,85,55,70
4662,80,60,90
4663,85,75,90
4664,80,85,90
4665,90,80,85
4666,85,60,90
4667,75,60,85
4668,80,40,90
4669,85,70,90
4670,85,70,90
4671,60,45,70
4672,75,60,85
4673,85,78,90
4674,85,60,90
4675,85,70,90
4676,85,70,90
4677,90,85,95
4678,75,60,90
4679,85,90,95
4680,75,40,80
4681,70,60,85
4682,70,80,60
4683,70,60,80
4684,90,85,95
4685,85,75,90
4686,60,70,80
4687,75,70,90
4688,85,75,90
4689,75,50,70
4690,75,60,85
4691,85,90,80
4692,75,60,85
4693,85,70,90
4694,85,80,90
4695,75,40,85
4696,70,60,80
4697,75,50,80
4698,70,80,60
4699,85,70,80
4700,70,40,80
4701,75,50,80
4702,70,80,85
4703,60,40,80
4704,75,50,80
4705,85,65,90
4706,70,80,60
4707,85,70,90
4708,70,50,80
4709,75,80,85
4710,90,80,85
4711,70,40,80
4712,85,70,90
4713,85,80,90
4714,75,60,85
4715,90,80,95
4716,80,70,90
4717,85,90,95
4718,85,90,95
4719,75,60,85
4720,70,50,80
4721,85,70,90
4722,70,80,60
4723,80,60,90
4724,85,70,90
4725,85,65,90
4726,60,70,75
4727,80,85,85
4728,80,70,85
4729,85,90,92
4730,75,60,80
4731,85,75,90
4732,80,70,85
4733,80,65,90
4734,75,80,90
4735,75,50,90
4736,70,60,80
4737,85,70,90
4738,85,70,90
4739,85,75,90
4740,85,70,90
4741,70,60,80
4742,70,50,80
4743,75,45,20
4744,70,40,85
4745,75,60,80
4746,60,70,80
4747,75,80,65
4748,70,50,80
4749,85,90,75
4750,85,90,95
4751,75,60,85
4752,85,70,80
4753,70,60,80
4754,70,50,85
4755,40,60,70
4756,70,80,90
4757,75,60,85
4758,75,50,90
4759,85,90,95
4760,85,90,80
4761,70,60,80
4762,75,40,90
4763,75,60,85
4764,80,70,90
4765,85,70,90
4766,90,85,100
4767,80,60,90
4768,50,60,70
4769,40,25,10
4770,85,70,75
4771,75,50,60
4772,80,70,90
4773,85,70,90
4774,50,60,70
4775,75,80,65
4776,85,70,75
4777,65,70,80
4778,75,80,90
4779,85,75,90
4780,85,90,95
4781,70,60,80
4782,85,75,90
4783,70,50,60
4784,70,80,85
4785,70,40,85
4786,70,60,50
4787,80,70,90
4788,85,90,95
4789,75,40,85
4790,70,80,85
4791,60,70,80
4792,90,80,100
4793,70,40,60
4794,85,90,95
4795,85,80,90
4796,85,40,90
4797,85,80,90
4798,70,50,80
4799,70,60,80
4800,85,60,90
4801,85,80,90
4802,60,70,80
4803,85,70,90
4804,85,90,75
4805,85,70,90
4806,85,75,90
4807,70,40,60
4808,70,50,85
4809,85,80,90
4810,75,65,80
4811,70,50,80
4812,85,70,90
4813,50,60,70
4814,85,70,90
4815,85,70,60
4816,85,80,90
4817,65,40,80
4818,70,50,80
4819,85,75,70
4820,85,60,90
4821,70,50,85
4822,85,90,80
4823,70,80,60
4824,75,50,80
4825,65,70,60
4826,90,75,85
4827,70,55,75
4828,60,75,80
4829,85,90,80
4830,70,60,80
4831,85,70,90
4832,85,70,90
4833,70,60,85
4834,85,90,75
4835,80,75,90
4836,60,70,80
4837,85,60,90
4838,85,70,90
4839,70,45,80
4840,70,85,60
4841,75,60,80
4842,85,75,90
4843,75,80,90
4844,70,80,90
4845,85,70,90
4846,85,90,75
4847,70,60,80
4848,70,60,80
4849,85,90,95
4850,85,70,90
4851,85,70,90
4852,60,75,80
4853,80,70,85
4854,85,70,60
4855,80,60,85
4856,85,60,75
4857,80,70,60
4858,85,70,90
4859,75,80,85
4860,85,90,80
4861,75,60,68
4862,75,50,85
4863,80,70,60
4864,70,80,90
4865,80,65,85
4866,70,80,90
4867,85,75,90
4868,75,50,80
4869,85,90,95
4870,85,70,90
4871,75,50,85
4872,75,50,90
4873,65,75,80
4874,65,70,85
4875,50,10,80
4876,70,50,80
4877,85,70,90
4878,85,90,80
4879,85,70,90
4880,70,50,80
4881,70,50,60
4882,85,75,90
4883,70,60,80
4884,85,75,90
4885,85,90,95
4886,85,70,90
4887,82,65,90
4888,70,45,60
4889,40,60,80
4890,80,60,90
4891,85,70,90
4892,70,40,75
4893,85,70,90
4894,70,85,90
4895,85,70,90
4896,75,60,85
4897,90,95,85
4898,85,75,90
4899,85,70,90
4900,85,70,90
4901,85,70,90
4902,85,75,90
4903,85,75,90
4904,75,60,85
4905,90,75,85
4906,70,50,90
4907,70,50,80
4908,90,70,95
4909,85,70,90
4910,85,60,90
4911,85,70,90
4912,85,75,90
4913,75,60,85
4914,85,70,95
4915,70,60,80
4916,75,50,85
4917,75,60,85
4918,80,70,60
4919,85,70,90
4920,75,50,80
4921,70,60,80
4922,70,80,90
4923,85,75,90
4924,85,90,70
4925,75,90,85
4926,85,90,95
4927,85,70,90
4928,75,40,70
4929,75,60,80
4930,75,60,85
4931,90,85,90
4932,85,75,90
4933,85,70,75
4934,65,80,50
4935,75,60,85
4936,75,80,90
4937,75,60,85
4938,75,30,85
4939,80,70,85
4940,85,70,90
4941,70,50,90
4942,75,50,60
4943,70,40,85
4944,70,40,50
4945,60,40,45
4946,85,80,90
4947,70,80,85
4948,85,75,90
4949,85,75,90
4950,80,60,90
4951,85,70,90
4952,75,80,85
4953,85,90,95
4954,85,90,95
4955,85,70,90
4956,85,90,95
4957,85,70,90
4958,80,60,90
4959,70,65,85
4960,85,80,95
4961,85,80,90
4962,60,40,80
4963,70,75,80
4964,70,50,80
4965,65,70,80
4966,85,70,90
4967,60,25,75
4968,85,50,90
4969,70,60,75
4970,75,80,85
4971,75,60,80
4972,75,60,85
4973,85,90,95
4974,70,40,85
4975,75,60,85
4976,75,80,90
4977,90,60,80
4978,75,60,40
4979,85,75,90
4980,85,60,90
4981,90,85,80
4982,90,80,95
4983,85,90,95
4984,85,75,90
4985,80,70,85
4986,65,70,85
4987,75,60,80
4988,75,50,85
4989,60,70,80
4990,85,70,90
4991,70,60,50
4992,60,40,70
4993,80,40,90
4994,70,85,90
4995,70,50,85
4996,85,60,90
4997,75,25,90
4998,70,50,80
4999,75,60,90
